Name,LSFormula,RT,Calc Mass,Class,FA,FA Group Key,MainIon,,,
TG(16:0_14:2_21:0) +NH4,C54 H100 O6,1.053,844.752,TG,16:0_14:2_21:0,51:02:00,#REF!,,,
TG(4:0_8:0_12:4) +NH4,C27 H42 O6,1.19,462.2981,TG,4:0_8:0_12:4,24:04:00,#REF!,,,
DG(4:0_12:1),C19 H34 O5,1.201,342.2406,DG,4:0_12:1,16:01,#NAME?,,,
PC(4:0_12:1),C24 H46 O8 N1 P1,1.353,507.2961,PC,4:0_12:1,16:01,#NAME?,,,
DG(6:0_10:2),C19 H32 O5,1.386,340.225,DG,6:0_10:2,16:02,#NAME?,,,
LPC(17:0),C25 H52 O7 N1 P1,1.391,509.3481,LPC,17:00,17:00,#NAME?,,,
TG(4:0_9:0_12:4) +NH4,C28 H44 O6,1.408,476.3138,TG,4:0_9:0_12:4,25:04:00,#REF!,,,
DG(8:0_8:0),C19 H36 O5,1.411,344.2563,DG,8:0_8:0,16:00,#NAME?,,,
TG(6:0_6:0_12:3) +NH4,C27 H44 O6,1.412,464.3138,TG,6:0_6:0_12:3,24:03:00,#REF!,,,
TG(4:0_9:0_12:3) +NH4,C28 H46 O6,1.413,478.3294,TG,4:0_9:0_12:3,25:03:00,#REF!,,,
TG(6:0_10:4_12:3)+NH4,C31 H44 O6,1.426,512.3138,TG,6:0_10:4_12:3,28:07:00,#NAME?,,,
DG(4:0_12:1),C19 H34 O5,1.433,342.2406,DG,4:0_12:1,16:01,#NAME?,,,
PC(8:0_8:0),C24 H48 O8 N1 P1,1.449,509.3118,PC,8:0_8:0,16:00,#NAME?,,,
DG(4:0_10:1),C17 H30 O5,1.469,314.2093,DG,4:0_10:1,14:01,#NAME?,,,
DG(8:0e_10:4) +NH4,C21 H34 O4,1.481,350.2457,DG,8:0e_10:4,18:4e,0,,,
LPC(12:0),C20 H42 O7 N1 P1,1.534,439.2699,LPC,12:00,12:00,#NAME?,,,
LPC(16:3),C24 H44 O7 N1 P1,1.552,489.2855,LPC,16:03,16:03,#NAME?,,,
TG(4:0_6:0_9:0)+NH4,C22 H40 O6,1.575,400.2825,TG,4:0_6:0_9:0,19:00,#NAME?,,,
TG(4:0_6:0_11:3)+NH4,C24 H38 O6,1.575,422.2668,TG,4:0_6:0_11:3,21:03,#NAME?,,,
PC(4:0_14:1),C26 H50 O8 N1 P1,1.586,535.3274,PC,4:0_14:1,18:01,#NAME?,,,1
LPC(14:1),C22 H44 O7 N1 P1,1.653,465.2855,LPC,14:01,14:01,#NAME?,,,
DG(8:0e_10:3) +NH4,C21 H36 O4,1.663,352.2614,DG,8:0e_10:3,18:3e,0,,,
LPS(16:0),C22 H44 O9 N1 P1,1.733,497.2754,LPS,16:00,16:00,#NAME?,,,
DG(10:0_10:2) +NH4,C23 H40 O5,1.741,396.2876,DG,10:0_10:2,20:02,0,,,
DG(10:0e_10:4) +NH4,C23 H38 O4,1.777,378.277,DG,10:0e_10:4,20:4e,0,,,
PG(14:1e_11:0),C31 H61 O9 N0 P1,1.782,608.4053,PG,14:1e_11:0,25:1e,#NAME?,,,
LPC(16:2),C24 H46 O7 N1 P1,1.807,491.3012,LPC,16:02,16:02,#NAME?,,,
PC(9:0_9:0),C26 H52 O8 N1 P1,1.827,537.3431,PC,9:0_9:0,18:00,#NAME?,,,
TG(6:0_12:3_12:3)+NH4,C33 H50 O6,1.889,542.3607,TG,6:0_12:3_12:3,30:06:00,#NAME?,,,
PA(4:0_16:1) +NH4,C23 H43 O8 N0 P1,1.901,478.2696,PA,4:0_16:1,20:01,#REF!,,,
PC(4:0_14:1),C26 H50 O8 N1 P1,1.904,535.3274,PC,4:0_14:1,18:01,#NAME?,,,
PS(10:1e_6:0),C22 H42 O9 N1 P1,1.907,495.2597,PS,10:1e_6:0,16:1e,#NAME?,,,
LPC(18:3),C26 H48 O7 N1 P1,1.963,517.3168,LPC,18:03,18:03,#NAME?,,,
DG(8:0e_11:3) +NH4,C22 H38 O4,1.968,366.277,DG,8:0e_11:3,19:3e,0,,,
TG(6:0_6:0_9:0)+NH4,C24 H44 O6,1.977,428.3138,TG,6:0_6:0_9:0,21:00,#NAME?,,,
LPE(18:3),C23 H42 O7 N1 P1,2.011,475.2699,LPE,18:03,18:03,#NAME?,,,
PC(8:0e_6:0),C22 H46 O7 N1 P1,2.018,467.3012,PC,8:0e_6:0,14:0e,#NAME?,,,
LPC(14:0),C22 H46 O7 N1 P1,2.019,467.3012,LPC,14:00,14:00,#NAME?,,,
LPI(18:2),C27 H49 O12 N0 P1,2.066,596.2962,LPI,18:02,18:02,#NAME?,,,
LPE(14:0),C19 H40 O7 N1 P1,2.096,425.2542,LPE,14:00,14:00,#NAME?,,,
LPC(15:0),C23 H48 O7 N1 P1,2.105,481.3168,LPC,15:00,15:00,#NAME?,,,
DG(4:0_16:1) +NH4,C23 H42 O5,2.112,398.3032,DG,4:0_16:1,20:01,0,,,
LPE(16:0),C21 H44 O7 N1 P1,2.126,453.2855,LPE,16:00,16:00,#NAME?,,,
LPS(18:2),C24 H44 O9 N1 P1,2.129,521.2754,LPS,18:02,18:02,#NAME?,,,
LPE(18:3),C23 H42 O7 N1 P1,2.13,475.2699,LPE,18:03,18:03,#NAME?,,,
LPE(16:2e),C21 H42 O6 N1 P1,2.133,435.275,LPE,16:2e,16:2e,#NAME?,,,
LPC(14:0),C22 H46 O7 N1 P1,2.147,467.3012,LPC,14:00,14:00,#NAME?,,,
PC(10:1e_6:0),C24 H48 O7 N1 P1,2.171,493.3168,PC,10:1e_6:0,16:1e,#NAME?,,,
LPC(16:1),C24 H48 O7 N1 P1,2.176,493.3168,LPC,16:01,16:01,#NAME?,,,
LPE(14:0),C19 H40 O7 N1 P1,2.229,425.2542,LPE,14:00,14:00,#NAME?,,,
LPC(15:0),C23 H48 O7 N1 P1,2.242,481.3168,LPC,15:00,15:00,#NAME?,,,
LPE(16:1),C21 H42 O7 N1 P1,2.243,451.2699,LPE,16:01,16:01,#NAME?,,,
PC(8:1e_9:0),C25 H50 O7 N1 P1,2.25,507.3325,PC,8:1e_9:0,17:1e,#NAME?,,,
DG(4:0_18:2) +NH4,C25 H44 O5,2.332,424.3189,DG,4:0_18:2,22:02,0,,,
DG(12:0e_10:4) +NH4,C25 H42 O4,2.354,406.3083,DG,12:0e_10:4,22:4e,0,,,
LPC(18:2),C26 H50 O7 N1 P1,2.382,519.3325,LPC,18:02,18:02,#NAME?,,,
LPE(16:1),C21 H42 O7 N1 P1,2.383,451.2699,LPE,16:01,16:01,#NAME?,,,
LPC(15:0),C23 H48 O7 N1 P1,2.392,481.3168,LPC,15:00,15:00,#NAME?,,,
LPE(18:2),C23 H44 O7 N1 P1,2.478,477.2855,LPE,18:02,18:02,#NAME?,,,
LPC(17:1),C25 H50 O7 N1 P1,2.58,507.3325,LPC,17:01,17:01,#NAME?,,,
LPE(18:2),C23 H44 O7 N1 P1,2.625,477.2855,LPE,18:02,18:02,#NAME?,,,
LPC(20:3),C28 H52 O7 N1 P1,2.634,545.3481,LPC,20:03,20:03,#NAME?,,,
LPS(18:1),C24 H46 O9 N1 P1,2.663,523.291,LPS,18:01,18:01,#NAME?,,,
LPE(17:1),C22 H44 O7 N1 P1,2.686,465.2855,LPE,17:01,17:01,#NAME?,,,
LPE(17:1),C22 H44 O7 N1 P1,2.807,465.2855,LPE,17:01,17:01,#NAME?,,,
PG(8:1e_10:2) +NH4,C24 H43 O9 N0 P1,2.818,506.2645,PG,8:1e_10:2,18:3e,#REF!,,,
PS(8:1e_10:0),C24 H46 O9 N1 P1,2.82,523.291,PS,8:1e_10:0,18:1e,#NAME?,,,
LPC(16:0),C24 H50 O7 N1 P1,2.864,495.3325,LPC,16:00,16:00,#NAME?,,,
LPC(18:3),C26 H48 O7 N1 P1,2.867,517.3168,LPC,18:03,18:03,#NAME?,,,
TG(9:0_10:3_10:4) +NH4,C32 H46 O6,2.964,526.3294,TG,9:0_10:3_10:4,29:07:00,#REF!,,,
LPC(17:0),C25 H52 O7 N1 P1,2.968,509.3481,LPC,17:00,17:00,#NAME?,,,
LPE(16:0),C21 H44 O7 N1 P1,2.99,453.2855,LPE,16:00,16:00,#NAME?,,,
PG(17:1_12:3) +NH4,C35 H61 O10 N0 P1,3.014,672.4002,PG,17:1_12:3,29:04:00,#REF!,,,
LPC(16:0e),C24 H52 O6 N1 P1,3.047,481.3532,LPC,16:0e,16:0e,#NAME?,,,
PC(10:1e_8:0),C26 H52 O7 N1 P1,3.049,521.3481,PC,10:1e_8:0,18:1e,#NAME?,,,
LPC(18:1),C26 H52 O7 N1 P1,3.053,521.3481,LPC,18:01,18:01,#NAME?,,,
PI(12:0e_20:4) +NH4,C41 H73 O12 N0 P1,3.058,788.484,PI,12:0e_20:4,32:4e,#REF!,,,
LPC(16:0),C24 H50 O7 N1 P1,3.1,495.3325,LPC,16:00,16:00,#NAME?,,,
LPC(18:2),C26 H50 O7 N1 P1,3.172,519.3325,LPC,18:02,18:02,#NAME?,,,
LPE(19:1),C24 H48 O7 N1 P1,3.176,493.3168,LPE,19:01,19:01,#NAME?,,,
LPC(17:0),C25 H52 O7 N1 P1,3.18,509.3481,LPC,17:00,17:00,#NAME?,,,
LPE(18:1),C23 H46 O7 N1 P1,3.18,479.3012,LPE,18:01,18:01,#NAME?,,,
LPE(16:0),C21 H44 O7 N1 P1,3.202,453.2855,LPE,16:00,16:00,#NAME?,,,
TG(8:0_10:1_11:4)+NH4,C32 H50 O6,3.222,530.3607,TG,8:0_10:1_11:4,29:05:00,#NAME?,,,
PC(8:0e_10:1),C26 H52 O7 N1 P1,3.245,521.3481,PC,8:0e_10:1,18:1e,#NAME?,,,
LPC(18:1),C26 H52 O7 N1 P1,3.253,521.3481,LPC,18:01,18:01,#NAME?,,,
LPC(16:0),C24 H50 O7 N1 P1,3.259,495.3325,LPC,16:00,16:00,#NAME?,,,
LPE(17:0),C22 H46 O7 N1 P1,3.305,467.3012,LPE,17:00,17:00,#NAME?,,,
LPC(17:0),C25 H52 O7 N1 P1,3.388,509.3481,LPC,17:00,17:00,#NAME?,,,
LPC(19:1),C27 H54 O7 N1 P1,3.388,535.3638,LPC,19:01,19:01,#NAME?,,,
LPC(18:0),C26 H54 O7 N1 P1,3.455,523.3638,LPC,18:00,18:00,#NAME?,,,
LPE(17:0),C22 H46 O7 N1 P1,3.513,467.3012,LPE,17:00,17:00,#NAME?,,,
LPC(19:1),C27 H54 O7 N1 P1,3.633,535.3638,LPC,19:01,19:01,#NAME?,,,
LPC(18:1),C26 H52 O7 N1 P1,3.647,521.3481,LPC,18:01,18:01,#NAME?,,,
LPE(16:1e),C21 H44 O6 N1 P1,3.649,437.2906,LPE,16:1e,16:1e,#NAME?,,,
PG(20:5_11:1) +NH4,C37 H61 O10 N0 P1,3.649,696.4002,PG,20:5_11:1,31:06:00,#REF!,,,
PC(12:1e_6:0),C26 H52 O7 N1 P1,3.657,521.3481,PC,12:1e_6:0,18:1e,#NAME?,,,
LPC(17:0),C25 H52 O7 N1 P1,3.673,509.3481,LPC,17:00,17:00,#NAME?,,,
LPE(16:0e),C21 H46 O6 N1 P1,3.749,439.3063,LPE,16:0e,16:0e,#NAME?,,,
LPE(17:0),C22 H46 O7 N1 P1,3.792,467.3012,LPE,17:00,17:00,#NAME?,,,
LPE(18:1),C23 H46 O7 N1 P1,3.796,479.3012,LPE,18:01,18:01,#NAME?,,,
LPC(18:0),C26 H54 O7 N1 P1,3.994,523.3638,LPC,18:00,18:00,#NAME?,,,
LPC(19:0),C27 H56 O7 N1 P1,4.01,537.3794,LPC,19:00,19:00,#NAME?,,,
PC(8:1e_10:0),C26 H52 O7 N1 P1,4.044,521.3481,PC,8:1e_10:0,18:1e,#NAME?,,,
PC(10:1e_10:0),C28 H56 O7 N1 P1,4.059,549.3794,PC,10:1e_10:0,20:1e,#NAME?,,,
LPC(20:1),C28 H56 O7 N1 P1,4.071,549.3794,LPC,20:01,20:01,#NAME?,,,
LPC(18:0),C26 H54 O7 N1 P1,4.138,523.3638,LPC,18:00,18:00,#NAME?,,,
LPE(18:0),C23 H48 O7 N1 P1,4.214,481.3168,LPE,18:00,18:00,#NAME?,,,
TG(6:0_8:0_8:0)+NH4,C25 H46 O6,4.273,442.3294,TG,6:0_8:0_8:0,22:00,#NAME?,,,
LPC(19:0),C27 H56 O7 N1 P1,4.292,537.3794,LPC,19:00,19:00,#NAME?,,,
DG(4:0_16:1),C23 H42 O5,4.369,398.3032,DG,4:0_16:1,20:01,#NAME?,,,
LPC(18:0e),C26 H56 O6 N1 P1,4.529,509.3845,LPC,18:0e,18:0e,#NAME?,,,
DG(4:0_18:2),C25 H44 O5,4.532,424.3189,DG,4:0_18:2,22:02,#NAME?,,,
LPE(18:1e),C23 H48 O6 N1 P1,4.536,465.3219,LPE,18:1e,18:1e,#NAME?,,,
TG(22:6_10:1_12:4) +NH4,C47 H68 O6,4.554,728.5016,TG,22:6_10:1_12:4,44:11:00,#REF!,,,
DG(18:3e_8:0) +NH4,C29 H52 O4,4.616,464.3866,DG,18:3e_8:0,26:3e,0,,,
LPE(18:0e),C23 H50 O6 N1 P1,4.619,467.3376,LPE,18:0e,18:0e,#NAME?,,,
TG(14:0e_6:0_22:3),C45 H82 O5,4.631,702.6162,TG,14:0e_6:0_22:3,42:3e,#NAME?,,,
TG(22:6_10:1_12:4) +NH4,C47 H68 O6,4.769,728.5016,TG,22:6_10:1_12:4,44:11:00,#REF!,,,
TG(4:0_6:0_12:1) +NH4,C25 H44 O6,4.794,440.3138,TG,4:0_6:0_12:1,22:01,#REF!,,,
TG(6:0_9:0_10:0) +NH4,C28 H52 O6,4.912,484.3764,TG,6:0_9:0_10:0,25:00:00,#REF!,,,
LPC(20:0),C28 H58 O7 N1 P1,5.003,551.3951,LPC,20:00,20:00,#NAME?,,,
TG(13:0_10:4_11:2) +NH4,C37 H58 O6,5.064,598.4233,TG,13:0_10:4_11:2,34:06:00,#REF!,,,
DG(4:0_18:1),C25 H46 O5,5.186,426.3345,DG,4:0_18:1,22:01,#NAME?,,,
TG(4:0_6:0_18:0) +NH4,C31 H58 O6,5.194,526.4233,TG,4:0_6:0_18:0,28:00:00,#NAME?,,,
TG(8:0_10:0_12:3)+NH4,C33 H56 O6,5.195,548.4077,TG,8:0_10:0_12:3,30:03:00,#NAME?,,,
TG(22:6_10:1_12:4) +NH4,C47 H68 O6,5.266,728.5016,TG,22:6_10:1_12:4,44:11:00,#REF!,,,
DG(10:0_12:1),C25 H46 O5,5.333,426.3345,DG,10:0_12:1,22:01,#NAME?,,,
PC(24:2_10:4),C42 H72 O8 N1 P1,5.441,749.4996,PC,24:2_10:4,34:06:00,#NAME?,,,
PG(10:1e_24:2) +NH4,C40 H75 O9 N0 P1,5.46,730.5149,PG,10:1e_24:2,34:3e,#REF!,,,
TG(4:0_20:5_22:6) +NH4,C49 H72 O6,5.467,756.5329,TG,4:0_20:5_22:6,46:11:00,#REF!,,,
PC(16:1_12:1),C36 H68 O8 N1 P1,5.474,673.4683,PC,16:1_12:1,28:02:00,#NAME?,,,
PC(16:2_20:5),C44 H74 O8 N1 P1,5.534,775.5152,PC,16:2_20:5,36:07:00,#NAME?,,,
TG(4:0_9:0_11:1) +NH4,C27 H48 O6,5.539,468.3451,TG,4:0_9:0_11:1,24:01:00,#REF!,,,
PC(20:0_8:0),C36 H72 O8 N1 P1,5.624,677.4996,PC,20:0_8:0,28:00:00,#NAME?,,,
TG(22:6_10:2_11:3) +NH4,C46 H66 O6,5.629,714.4859,TG,22:6_10:2_11:3,43:11:00,#REF!,,,
PI(18:3_18:3) +NH4,C45 H75 O13 N0 P1,5.648,854.4945,PI,18:3_18:3,36:06:00,#REF!,,,
PC(8:0_20:2),C36 H68 O8 N1 P1,5.662,673.4683,PC,8:0_20:2,28:02:00,#NAME?,,,
LPE(20:0e),C25 H54 O6 N1 P1,5.69,495.3689,LPE,20:0e,20:0e,#NAME?,,,
TG(22:6_10:4_11:2) +NH4,C46 H64 O6,5.694,712.4703,TG,22:6_10:4_11:2,43:12:00,#REF!,,,
PC(16:2_20:5),C44 H74 O8 N1 P1,5.71,775.5152,PC,16:2_20:5,36:07:00,#NAME?,,,
PS(16:3_22:6),C44 H68 O10 N1 P1,5.734,801.4581,PS,16:3_22:6,38:09:00,#NAME?,,,
PS(18:3_18:3),C42 H70 O10 N1 P1,5.741,779.4737,PS,18:3_18:3,36:06:00,#NAME?,,,
PS(16:0_18:3),C40 H72 O10 N1 P1,5.742,757.4894,PS,16:0_18:3,34:03:00,#NAME?,,,
TG(4:0_9:0_11:1) +NH4,C27 H48 O6,5.746,468.3451,TG,4:0_9:0_11:1,24:01:00,#REF!,,,
PI(18:3_18:3) +NH4,C45 H75 O13 N0 P1,5.818,854.4945,PI,18:3_18:3,36:06:00,#REF!,,,
PG(18:3_18:3) +NH4,C42 H71 O10 N0 P1,5.872,766.4785,PG,18:3_18:3,36:06:00,#REF!,,,
TG(4:0_11:2_14:4) +NH4,C32 H48 O6,5.913,528.3451,TG,4:0_11:2_14:4,29:06:00,#REF!,,,
PC(20:0_6:0),C34 H68 O8 N1 P1,5.955,649.4683,PC,20:0_6:0,26:00:00,#NAME?,,,
PC(21:1_11:3),C40 H72 O8 N1 P1,5.955,725.4996,PC,21:1_11:3,32:04:00,#NAME?,,,
PS(20:4e_15:0),C41 H74 O9 N1 P1,5.982,755.5101,PS,20:4e_15:0,35:4e,#NAME?,,,
TG(20:5_11:4_14:4) +NH4,C48 H66 O6,5.993,738.4859,TG,20:5_11:4_14:4,45:13:00,#REF!,,,
DG(6:0_18:1),C27 H50 O5,5.994,454.3658,DG,6:0_18:1,24:01:00,#NAME?,,,
PC(16:1_12:0),C36 H70 O8 N1 P1,6.095,675.4839,PC,16:1_12:0,28:01:00,#NAME?,,,
PI(16:0_16:1),C41 H77 O13 N0 P1,6.117,808.5102,PI,16:0_16:1,32:01:00,#NAME?,,,
PI(16:1_18:3) +NH4,C43 H75 O13 N0 P1,6.118,830.4945,PI,16:1_18:3,34:04:00,#REF!,,,
PG(10:1e_24:2) +NH4,C40 H75 O9 N0 P1,6.177,730.5149,PG,10:1e_24:2,34:3e,#REF!,,,
TG(4:0_18:4_22:6) +NH4,C47 H70 O6,6.184,730.5172,TG,4:0_18:4_22:6,44:10:00,#REF!,,,
DG(18:3_11:1) +NH4,C32 H54 O5,6.226,518.3971,DG,18:3_11:1,29:04:00,0,,,
PS(16:1_18:3),C40 H70 O10 N1 P1,6.236,755.4737,PS,16:1_18:3,34:04:00,#NAME?,,,
PI(16:1_18:3) +NH4,C43 H75 O13 N0 P1,6.318,830.4945,PI,16:1_18:3,34:04:00,#REF!,,,
PC(6:0_24:2),C38 H72 O8 N1 P1,6.334,701.4996,PC,6:0_24:2,30:02:00,#NAME?,,,
PC(18:3_18:3),C44 H76 O8 N1 P1,6.336,777.5309,PC,18:3_18:3,36:06:00,#NAME?,,,
PA(18:3_18:3) +NH4,C39 H65 O8 N0 P1,6.339,692.4417,PA,18:3_18:3,36:06:00,0,,,
PI(18:3_18:2) +NH4,C45 H77 O13 N0 P1,6.367,856.5102,PI,18:3_18:2,36:05:00,#REF!,,,
PG(24:2_10:2),C40 H71 O10 N0 P1,6.371,742.4785,PG,24:2_10:2,34:04:00,#NAME?,,,
TG(16:4_11:3_14:3) +NH4,C44 H64 O6,6.412,688.4703,TG,16:4_11:3_14:3,41:10:00,#REF!,,,
PS(17:1_17:1),C40 H74 O10 N1 P1,6.482,759.505,PS,17:1_17:1,34:02:00,#NAME?,,,
PS(18:3_18:2),C42 H72 O10 N1 P1,6.487,781.4894,PS,18:3_18:2,36:05:00,#NAME?,,,
TG(4:0_6:0_16:1) +NH4,C29 H52 O6,6.493,496.3764,TG,4:0_6:0_16:1,26:01:00,#REF!,,,
TG(22:6_10:2_11:3) +NH4,C46 H66 O6,6.539,714.4859,TG,22:6_10:2_11:3,43:11:00,#REF!,,,
PS(14:1e_19:1),C39 H74 O9 N1 P1,6.543,731.5101,PS,14:1e_19:1,33:2e,#NAME?,,,
PC(18:3_18:3),C44 H76 O8 N1 P1,6.552,777.5309,PC,18:3_18:3,36:06:00,#NAME?,,,
PC(6:0_24:2),C38 H72 O8 N1 P1,6.563,701.4996,PC,6:0_24:2,30:02:00,#NAME?,,,
PG(16:1_18:3) +NH4,C40 H71 O10 N0 P1,6.573,742.4785,PG,16:1_18:3,34:04:00,#REF!,,,
PI(18:3_18:2) +NH4,C45 H77 O13 N0 P1,6.574,856.5102,PI,18:3_18:2,36:05:00,#REF!,,,
TG(16:3_10:3_22:6) +NH4,C51 H74 O6,6.607,782.5485,TG,16:3_10:3_22:6,48:12:00,#REF!,,,
PG(24:0_10:2),C40 H75 O10 N0 P1,6.622,746.5098,PG,24:0_10:2,34:02:00,#NAME?,,,
PG(18:3_18:2) +NH4,C42 H73 O10 N0 P1,6.626,768.4941,PG,18:3_18:2,36:05:00,#REF!,,,
PC(20:1_9:0),C37 H72 O8 N1 P1,6.636,689.4996,PC,20:1_9:0,29:01:00,#NAME?,,,
PI(18:1_14:1) +NH4,C41 H75 O13 N0 P1,6.65,806.4945,PI,18:1_14:1,32:02:00,#REF!,,,
DG(10:0e_20:1),C33 H64 O4,6.651,524.4805,DG,10:0e_20:1,30:1e,#NAME?,,,
PC(21:1_12:3),C41 H74 O8 N1 P1,6.714,739.5152,PC,21:1_12:3,33:04:00,#NAME?,,,
TG(4:0_6:0_16:1) +NH4,C29 H52 O6,6.761,496.3764,TG,4:0_6:0_16:1,26:01:00,#REF!,,,
PC(14:0_18:3),C40 H74 O8 N1 P1,6.776,727.5152,PC,14:0_18:3,32:03:00,#NAME?,,,
PS(16:1_16:1),C38 H70 O10 N1 P1,6.792,731.4737,PS,16:1_16:1,32:02:00,#NAME?,,,
TG(25:0_10:0_10:3) +NH4,C48 H86 O6,6.842,758.6424,TG,25:0_10:0_10:3,45:03:00,#REF!,,,
PG(18:3_18:2) +NH4,C42 H73 O10 N0 P1,6.851,768.4941,PG,18:3_18:2,36:05:00,#REF!,,,
PI(16:1_16:1) +NH4,C41 H75 O13 N0 P1,6.873,806.4945,PI,16:1_16:1,32:02:00,#REF!,,,
PC(22:4_14:3),C44 H74 O8 N1 P1,6.907,775.5152,PC,22:4_14:3,36:07:00,#NAME?,,,
TG(16:1_6:0_10:0) +NH4,C35 H64 O6,6.917,580.4703,TG,16:1_6:0_10:0,32:01:00,#REF!,,,
PC(16:1_18:3),C42 H76 O8 N1 P1,6.93,753.5309,PC,16:1_18:3,34:04:00,#NAME?,,,
PG(16:1_16:1) +NH4,C38 H71 O10 N0 P1,6.933,718.4785,PG,16:1_16:1,32:02:00,#REF!,,,
TG(4:0_11:1_14:4) +NH4,C32 H50 O6,6.935,530.3607,TG,4:0_11:1_14:4,29:05:00,#REF!,,,
PI(16:0_16:0),C41 H79 O13 N0 P1,6.942,810.5258,PI,16:0_16:0,32:00:00,#NAME?,,,
PI(16:0_18:3) +NH4,C43 H77 O13 N0 P1,6.942,832.5102,PI,16:0_18:3,34:03:00,#REF!,,,
DG(10:0e_22:2),C35 H66 O4,6.943,550.4961,DG,10:0e_22:2,32:2e,#NAME?,,,
TG(20:5_11:3_22:5),C56 H82 O6,6.946,850.6111,TG,20:5_11:3_22:5,53:13:00,#NAME?,,,
DG(12:1e_16:1) +NH4,C31 H58 O4,6.957,494.4335,DG,12:1e_16:1,28:2e,0,,,
TG(11:0_18:4_22:6),C54 H84 O6,7.041,828.6268,TG,11:0_18:4_22:6,51:10:00,#NAME?,,,
PC(12:0_20:3),C40 H74 O8 N1 P1,7.062,727.5152,PC,12:0_20:3,32:03:00,#NAME?,,,
PS(16:1_18:2),C40 H72 O10 N1 P1,7.082,757.4894,PS,16:1_18:2,34:03:00,#NAME?,,,
PC(16:1_18:3),C42 H76 O8 N1 P1,7.152,753.5309,PC,16:1_18:3,34:04:00,#NAME?,,,
DG(18:2_11:1) +NH4,C32 H56 O5,7.155,520.4128,DG,18:2_11:1,29:03:00,0,,,
PG(16:1_16:1) +NH4,C38 H71 O10 N0 P1,7.169,718.4785,PG,16:1_16:1,32:02:00,#REF!,,,
PC(22:4_11:3),C41 H68 O8 N1 P1,7.199,733.4683,PC,22:4_11:3,33:07:00,#NAME?,,,
PC(18:3_18:2),C44 H78 O8 N1 P1,7.217,779.5465,PC,18:3_18:2,36:05:00,#NAME?,,,
PG(16:1_18:2) +NH4,C40 H73 O10 N0 P1,7.237,744.4941,PG,16:1_18:2,34:03:00,#REF!,,,
PI(18:2_18:2) +NH4,C45 H79 O13 N0 P1,7.238,858.5258,PI,18:2_18:2,36:04:00,#REF!,,,
PI(16:0_16:0),C41 H79 O13 N0 P1,7.305,810.5258,PI,16:0_16:0,32:00:00,#NAME?,,,
PI(16:0_18:3) +NH4,C43 H77 O13 N0 P1,7.306,832.5102,PI,16:0_18:3,34:03:00,#REF!,,,
PC(20:0_8:0),C36 H72 O8 N1 P1,7.32,677.4996,PC,20:0_8:0,28:00:00,#NAME?,,,
PI(18:1_18:3) +NH4,C45 H79 O13 N0 P1,7.425,858.5258,PI,18:1_18:3,36:04:00,#REF!,,,
DG(12:0e_22:3),C37 H68 O4,7.427,576.5118,DG,12:0e_22:3,34:3e,#NAME?,,,
PI(28:1_6:0),C43 H81 O13 N0 P1,7.43,836.5415,PI,28:1_6:0,34:01:00,#NAME?,,,
PC(16:1_14:0),C38 H74 O8 N1 P1,7.436,703.5152,PC,16:1_14:0,30:01:00,#NAME?,,,
PC(18:3_18:2),C44 H78 O8 N1 P1,7.45,779.5465,PC,18:3_18:2,36:05:00,#NAME?,,,
PS(16:0_18:3),C40 H72 O10 N1 P1,7.466,757.4894,PS,16:0_18:3,34:03:00,#NAME?,,,
PS(16:0_16:0),C38 H74 O10 N1 P1,7.47,735.505,PS,16:0_16:0,32:00:00,#NAME?,,,
PC(22:2_11:1),C41 H76 O8 N1 P1,7.51,741.5309,PC,22:2_11:1,33:03:00,#NAME?,,,
TG(4:0_12:3_14:1) +NH4,C33 H54 O6,7.515,546.392,TG,4:0_12:3_14:1,30:04:00,#REF!,,,
TG(18:3_10:4_20:4) +NH4,C51 H76 O6,7.53,784.5642,TG,18:3_10:4_20:4,48:11:00,#REF!,,,
PG(18:2_18:2) +NH4,C42 H75 O10 N0 P1,7.549,770.5098,PG,18:2_18:2,36:04:00,#REF!,,,
PI(16:0_18:3) +NH4,C43 H77 O13 N0 P1,7.558,832.5102,PI,16:0_18:3,34:03:00,#REF!,,,
PC(12:0_22:5),C42 H74 O8 N1 P1,7.563,751.5152,PC,12:0_22:5,34:05:00,#NAME?,,,
PI(16:0_16:0),C41 H79 O13 N0 P1,7.564,810.5258,PI,16:0_16:0,32:00:00,#NAME?,,,
PS(18:1_18:3),C42 H74 O10 N1 P1,7.573,783.505,PS,18:1_18:3,36:04:00,#NAME?,,,
PC(16:1_16:1),C40 H76 O8 N1 P1,7.578,729.5309,PC,16:1_16:1,32:02:00,#NAME?,,,
PG(24:1_10:2) +NH4,C40 H73 O10 N0 P1,7.63,744.4941,PG,24:1_10:2,34:03:00,#REF!,,,
DG(8:0e_24:2),C35 H66 O4,7.632,550.4961,DG,8:0e_24:2,32:2e,#NAME?,,,
PC(16:1_17:0),C41 H80 O8 N1 P1,7.646,745.5622,PC,16:1_17:0,33:01:00,#NAME?,,,
PC(23:1_12:3),C43 H78 O8 N1 P1,7.646,767.5465,PC,23:1_12:3,35:04:00,#NAME?,,,
PC(18:3_14:1),C40 H72 O8 N1 P1,7.657,725.4996,PC,18:3_14:1,32:04:00,#NAME?,,,
PC(16:0_14:1),C38 H74 O8 N1 P1,7.666,703.5152,PC,16:0_14:1,30:01:00,#NAME?,,,
PI(18:1_18:3) +NH4,C45 H79 O13 N0 P1,7.677,858.5258,PI,18:1_18:3,36:04:00,#REF!,,,
PI(12:0_22:1),C43 H81 O13 N0 P1,7.678,836.5415,PI,12:0_22:1,34:01:00,#NAME?,,,
PC(16:1_16:1),C40 H76 O8 N1 P1,7.699,729.5309,PC,16:1_16:1,32:02:00,#NAME?,,,
DG(12:0e_22:3),C37 H68 O4,7.71,576.5118,DG,12:0e_22:3,34:3e,#NAME?,,,
PG(18:2_18:2) +NH4,C42 H75 O10 N0 P1,7.732,770.5098,PG,18:2_18:2,36:04:00,#REF!,,,
PC(19:0_10:4),C37 H66 O8 N1 P1,7.758,683.4526,PC,19:0_10:4,29:04:00,#NAME?,,,
TG(18:4_6:0_6:0) +NH4,C33 H54 O6,7.77,546.392,TG,18:4_6:0_6:0,30:04:00,#REF!,,,
TG(22:6_11:1_12:4) +NH4,C48 H70 O6,7.776,742.5172,TG,22:6_11:1_12:4,45:11:00,#REF!,,,
PC(21:0_14:4),C43 H78 O8 N1 P1,7.874,767.5465,PC,21:0_14:4,35:04:00,#NAME?,,,
PG(16:0_18:3) +NH4,C40 H73 O10 N0 P1,7.893,744.4941,PG,16:0_18:3,34:03:00,#REF!,,,
TG(22:5_10:3_11:2) +NH4,C46 H68 O6,7.906,716.5016,TG,22:5_10:3_11:2,43:10:00,#REF!,,,
PC(20:4e_12:4),C40 H66 O7 N1 P1,7.917,703.4577,PC,20:4e_12:4,32:8e,#NAME?,,,
PC(16:1_18:2),C42 H78 O8 N1 P1,7.924,755.5465,PC,16:1_18:2,34:03:00,#NAME?,,,
PI(16:0_16:1) +NH4,C41 H77 O13 N0 P1,7.982,808.5102,PI,16:0_16:1,32:01:00,#REF!,,,
PG(18:1_18:3) +NH4,C42 H75 O10 N0 P1,7.983,770.5098,PG,18:1_18:3,36:04:00,#REF!,,,
PI(20:2_14:2),C43 H75 O13 N0 P1,8.009,830.4945,PI,20:2_14:2,34:04:00,#NAME?,,,
PC(16:0_18:3),C42 H78 O8 N1 P1,8.032,755.5465,PC,16:0_18:3,34:03:00,#NAME?,,,
PC(18:3_18:3),C44 H76 O8 N1 P1,8.033,777.5309,PC,18:3_18:3,36:06:00,#NAME?,,,
PC(16:1_16:1),C40 H76 O8 N1 P1,8.09,729.5309,PC,16:1_16:1,32:02:00,#NAME?,,,
PI(16:1_18:1) +NH4,C43 H79 O13 N0 P1,8.126,834.5258,PI,16:1_18:1,34:02:00,#REF!,,,
PC(18:2e_18:3),C44 H80 O7 N1 P1,8.146,765.5672,PC,18:2e_18:3,36:5e,#NAME?,,,
TG(12:1e_9:0_16:0)+NH4,C40 H76 O5,8.148,636.5693,TG,12:1e_9:0_16:0,37:1e,#NAME?,,,
PC(16:0_18:3),C42 H78 O8 N1 P1,8.16,755.5465,PC,16:0_18:3,34:03:00,#NAME?,,,
PS(16:0_16:1),C38 H72 O10 N1 P1,8.165,733.4894,PS,16:0_16:1,32:01:00,#NAME?,,,
PC(18:3_20:4),C46 H78 O8 N1 P1,8.214,803.5465,PC,18:3_20:4,38:07:00,#NAME?,,,
PC(18:2_18:2),C44 H80 O8 N1 P1,8.219,781.5622,PC,18:2_18:2,36:04:00,#NAME?,,,
DG(16:1e_16:1),C35 H66 O4,8.274,550.4961,DG,16:1e_16:1,32:2e,#NAME?,,,
PI(16:0_16:1) +NH4,C41 H77 O13 N0 P1,8.276,808.5102,PI,16:0_16:1,32:01:00,#REF!,,,
PS(16:1_18:1),C40 H74 O10 N1 P1,8.279,759.505,PS,16:1_18:1,34:02:00,#NAME?,,,
PC(16:0_18:3),C42 H78 O8 N1 P1,8.335,755.5465,PC,16:0_18:3,34:03:00,#NAME?,,,
PG(16:0_16:1) +NH4,C38 H73 O10 N0 P1,8.341,720.4941,PG,16:0_16:1,32:01:00,#REF!,,,
PC(22:3_14:3),C44 H76 O8 N1 P1,8.343,777.5309,PC,22:3_14:3,36:06:00,#NAME?,,,
PI(16:0_18:2) +NH4,C43 H79 O13 N0 P1,8.345,834.5258,PI,16:0_18:2,34:02:00,#REF!,,,
PC(9:0_24:2),C41 H78 O8 N1 P1,8.393,743.5465,PC,9:0_24:2,33:02:00,#NAME?,,,
PG(16:1_18:1) +NH4,C40 H75 O10 N0 P1,8.46,746.5098,PG,16:1_18:1,34:02:00,#REF!,,,
TG(19:0_11:2_11:4),C44 H72 O6,8.464,696.5329,TG,19:0_11:2_11:4,41:06:00,#NAME?,,,
PS(20:0_12:1),C38 H72 O10 N1 P1,8.467,733.4894,PS,20:0_12:1,32:01:00,#NAME?,,,
PC(18:2_18:2),C44 H80 O8 N1 P1,8.47,781.5622,PC,18:2_18:2,36:04:00,#NAME?,,,
TG(4:0_12:0_18:1) +NH4,C37 H68 O6,8.472,608.5016,TG,4:0_12:0_18:1,34:01:00,#REF!,,,
PI(18:1_18:2) +NH4,C45 H81 O13 N0 P1,8.48,860.5415,PI,18:1_18:2,36:03:00,#REF!,,,
TG(18:1e_8:0_11:0)+NH4,C40 H76 O5,8.5,636.5693,TG,18:1e_8:0_11:0,37:1e,#NAME?,,,
PS(16:1_18:1),C40 H74 O10 N1 P1,8.552,759.505,PS,16:1_18:1,34:02:00,#NAME?,,,
TG(18:4_13:0_22:6),C56 H88 O6,8.637,856.6581,TG,18:4_13:0_22:6,53:10:00,#NAME?,,,
PG(16:0_16:1) +NH4,C38 H73 O10 N0 P1,8.638,720.4941,PG,16:0_16:1,32:01:00,#REF!,,,
PS(18:1_18:2),C42 H76 O10 N1 P1,8.664,785.5207,PS,18:1_18:2,36:03:00,#NAME?,,,
PC(17:1_16:1),C41 H78 O8 N1 P1,8.668,743.5465,PC,17:1_16:1,33:02:00,#NAME?,,,
DG(12:1e_20:0),C35 H68 O4,8.715,552.5118,DG,12:1e_20:0,32:1e,#NAME?,,,
PG(24:0_10:2) +NH4,C40 H75 O10 N0 P1,8.72,746.5098,PG,24:0_10:2,34:02:00,#REF!,,,
DG(18:3_18:3) +NH4,C39 H64 O5,8.754,612.4754,DG,18:3_18:3,36:06:00,0,,,
PC(19:1_12:2),C39 H72 O8 N1 P1,8.756,713.4996,PC,19:1_12:2,31:03:00,#NAME?,,,
PC(20:1_12:1),C40 H76 O8 N1 P1,8.767,729.5309,PC,20:1_12:1,32:02:00,#NAME?,,,
PI(18:1_18:2) +NH4,C45 H81 O13 N0 P1,8.773,860.5415,PI,18:1_18:2,36:03:00,#REF!,,,
PC(23:0_12:3),C43 H80 O8 N1 P1,8.82,769.5622,PC,23:0_12:3,35:03:00,#NAME?,,,
PG(18:1_18:2) +NH4,C42 H77 O10 N0 P1,8.837,772.5254,PG,18:1_18:2,36:03:00,#REF!,,,
DG(12:0e_22:3),C37 H68 O4,8.856,576.5118,DG,12:0e_22:3,34:3e,#NAME?,,,
PC(16:4_17:0),C41 H74 O8 N1 P1,8.879,739.5152,PC,16:4_17:0,33:04:00,#NAME?,,,
PC(16:4_22:3),C46 H78 O8 N1 P1,8.948,803.5465,PC,16:4_22:3,38:07:00,#NAME?,,,
PC(18:1_18:3),C44 H80 O8 N1 P1,8.97,781.5622,PC,18:1_18:3,36:04:00,#NAME?,,,
PC(16:0_14:0),C38 H76 O8 N1 P1,9.005,705.5309,PC,16:0_14:0,30:00:00,#NAME?,,,
TG(18:4_11:4_24:2),C56 H88 O6,9.019,856.6581,TG,18:4_11:4_24:2,53:10:00,#NAME?,,,
DG(18:3_18:3) +NH4,C39 H64 O5,9.024,612.4754,DG,18:3_18:3,36:06:00,0,,,
PG(16:0_18:2) +NH4,C40 H75 O10 N0 P1,9.029,746.5098,PG,16:0_18:2,34:02:00,#REF!,,,
PI(18:0_18:3) +NH4,C45 H81 O13 N0 P1,9.073,860.5415,PI,18:0_18:3,36:03:00,#REF!,,,
PI(18:0_16:0),C43 H83 O13 N0 P1,9.08,838.5571,PI,18:0_16:0,34:00:00,#NAME?,,,
DG(12:1e_22:1),C37 H70 O4,9.096,578.5274,DG,12:1e_22:1,34:2e,#NAME?,,,
PS(16:2_21:1),C43 H78 O10 N1 P1,9.127,799.5363,PS,16:2_21:1,37:03:00,#NAME?,,,
PA(16:0_16:1) +NH4,C35 H67 O8 N0 P1,9.128,646.4574,PA,16:0_16:1,32:01:00,0,,,
PC(23:0_11:4),C42 H76 O8 N1 P1,9.134,753.5309,PC,23:0_11:4,34:04:00,#NAME?,,,
PG(18:1_18:2) +NH4,C42 H77 O10 N0 P1,9.136,772.5254,PG,18:1_18:2,36:03:00,#REF!,,,
PC(25:1_8:0),C41 H80 O8 N1 P1,9.154,745.5622,PC,25:1_8:0,33:01:00,#NAME?,,,
PC(16:0_14:0),C38 H76 O8 N1 P1,9.158,705.5309,PC,16:0_14:0,30:00:00,#NAME?,,,
PC(16:0_16:1),C40 H78 O8 N1 P1,9.161,731.5465,PC,16:0_16:1,32:01:00,#NAME?,,,
PS(28:0_6:0),C40 H78 O10 N1 P1,9.271,763.5363,PS,28:0_6:0,34:00:00,#NAME?,,,
PS(18:0_18:3),C42 H76 O10 N1 P1,9.276,785.5207,PS,18:0_18:3,36:03:00,#NAME?,,,
PC(12:0_21:0),C41 H82 O8 N1 P1,9.311,747.5778,PC,12:0_21:0,33:00:00,#NAME?,,,
PG(22:5_12:3) +NH4,C40 H63 O10 N0 P1,9.324,734.4159,PG,22:5_12:3,34:08:00,#REF!,,,
PC(16:1_18:1),C42 H80 O8 N1 P1,9.353,757.5622,PC,16:1_18:1,34:02:00,#NAME?,,,
PA(16:0_16:1) +NH4,C35 H67 O8 N0 P1,9.391,646.4574,PA,16:0_16:1,32:01:00,0,,,
PS(16:2_21:1),C43 H78 O10 N1 P1,9.412,799.5363,PS,16:2_21:1,37:03:00,#NAME?,,,
PC(26:1_10:4),C44 H78 O8 N1 P1,9.425,779.5465,PC,26:1_10:4,36:05:00,#NAME?,,,
PC(16:1_18:1),C42 H80 O8 N1 P1,9.455,757.5622,PC,16:1_18:1,34:02:00,#NAME?,,,
PG(17:1_16:0) +NH4,C39 H75 O10 N0 P1,9.463,734.5098,PG,17:1_16:0,33:01:00,#REF!,,,
PC(12:0_22:4),C42 H76 O8 N1 P1,9.47,753.5309,PC,12:0_22:4,34:04:00,#NAME?,,,
PC(16:0_16:1),C40 H78 O8 N1 P1,9.471,731.5465,PC,16:0_16:1,32:01:00,#NAME?,,,
PC(25:1_8:0),C41 H80 O8 N1 P1,9.543,745.5622,PC,25:1_8:0,33:01:00,#NAME?,,,
PC(9:0_22:4),C39 H70 O8 N1 P1,9.568,711.4839,PC,9:0_22:4,31:04:00,#NAME?,,,
PC(26:1_8:0),C42 H82 O8 N1 P1,9.581,759.5778,PC,26:1_8:0,34:01:00,#NAME?,,,
PC(18:2e_16:1),C42 H80 O7 N1 P1,9.587,741.5672,PC,18:2e_16:1,34:3e,#NAME?,,,
PC(17:1_18:1),C43 H82 O8 N1 P1,9.593,771.5778,PC,17:1_18:1,35:02:00,#NAME?,,,
PI(16:0_16:0) +NH4,C41 H79 O13 N0 P1,9.593,810.5258,PI,16:0_16:0,32:00:00,#REF!,,,
PA(16:1_18:1) +NH4,C37 H69 O8 N0 P1,9.619,672.473,PA,16:1_18:1,34:02:00,0,,,
PC(18:1_18:2),C44 H82 O8 N1 P1,9.662,783.5778,PC,18:1_18:2,36:03:00,#NAME?,,,
DG(16:1_18:3) +NH4,C37 H64 O5,9.676,588.4754,DG,16:1_18:3,34:04:00,0,,,
PI(16:0_18:1) +NH4,C43 H81 O13 N0 P1,9.798,836.5415,PI,16:0_18:1,34:01:00,#REF!,,,
PC(20:4e_14:4),C42 H70 O7 N1 P1,9.876,731.489,PC,20:4e_14:4,34:8e,#NAME?,,,
PI(20:0_14:1),C43 H81 O13 N0 P1,9.901,836.5415,PI,20:0_14:1,34:01:00,#NAME?,,,
PI(18:1_18:1) +NH4,C45 H83 O13 N0 P1,9.919,862.5571,PI,18:1_18:1,36:02:00,#REF!,,,
PI(18:1_18:3),C45 H79 O13 N0 P1,9.92,858.5258,PI,18:1_18:3,36:04:00,#NAME?,,,
PC(22:4_14:1),C44 H78 O8 N1 P1,9.943,779.5465,PC,22:4_14:1,36:05:00,#NAME?,,,
TG(4:0_14:1_14:1) +NH4,C35 H62 O6,9.946,578.4546,TG,4:0_14:1_14:1,32:02:00,#REF!,,,
PC(16:0_18:2),C42 H80 O8 N1 P1,9.953,757.5622,PC,16:0_18:2,34:02:00,#NAME?,,,
PC(18:1_18:2),C44 H82 O8 N1 P1,9.959,783.5778,PC,18:1_18:2,36:03:00,#NAME?,,,
PG(16:0_16:0) +NH4,C38 H75 O10 N0 P1,10.007,722.5098,PG,16:0_16:0,32:00:00,0,,,
PC(20:4e_14:4),C42 H70 O7 N1 P1,10.01,731.489,PC,20:4e_14:4,34:8e,#NAME?,,,
PS(16:0_18:1),C40 H76 O10 N1 P1,10.049,761.5207,PS,16:0_18:1,34:01:00,#NAME?,,,
DG(18:3_18:2) +NH4,C39 H66 O5,10.084,614.491,DG,18:3_18:2,36:05:00,0,,,
PC(9:0_22:2),C39 H74 O8 N1 P1,10.085,715.5152,PC,9:0_22:2,31:02:00,#NAME?,,,
PI(23:0_11:1),C43 H81 O13 N0 P1,10.099,836.5415,PI,23:0_11:1,34:01:00,#NAME?,,,
PS(18:1_18:1),C42 H78 O10 N1 P1,10.162,787.5363,PS,18:1_18:1,36:02:00,#NAME?,,,
PG(16:0_18:1) +NH4,C40 H77 O10 N0 P1,10.186,748.5254,PG,16:0_18:1,34:01:00,0,,,
PC(17:1_16:0),C41 H80 O8 N1 P1,10.246,745.5622,PC,17:1_16:0,33:01:00,#NAME?,,,
TG(14:0e_12:1_15:0),C44 H84 O5,10.291,692.6319,TG,14:0e_12:1_15:0,41:1e,#NAME?,,,
PC(17:1_18:1),C43 H82 O8 N1 P1,10.309,771.5778,PC,17:1_18:1,35:02:00,#NAME?,,,
PG(18:1_18:1) +NH4,C42 H79 O10 N0 P1,10.314,774.5411,PG,18:1_18:1,36:02:00,0,,,
PI(18:0_18:2) +NH4,C45 H83 O13 N0 P1,10.314,862.5571,PI,18:0_18:2,36:02:00,#REF!,,,
PC(18:0_16:0),C42 H84 O8 N1 P1,10.41,761.5935,PC,18:0_16:0,34:00:00,#NAME?,,,
DG(18:3_18:2) +NH4,C39 H66 O5,10.413,614.491,DG,18:3_18:2,36:05:00,0,,,
PC(18:0_18:3),C44 H82 O8 N1 P1,10.419,783.5778,PC,18:0_18:3,36:03:00,#NAME?,,,
PG(24:1_11:2) +NH4,C41 H75 O10 N0 P1,10.5,758.5098,PG,24:1_11:2,35:03:00,0,,,
PS(18:1_18:1),C42 H78 O10 N1 P1,10.517,787.5363,PS,18:1_18:1,36:02:00,#NAME?,,,
PS(17:0_18:1),C41 H78 O10 N1 P1,10.522,775.5363,PS,17:0_18:1,35:01:00,#NAME?,,,
PG(16:0_18:1) +NH4,C40 H77 O10 N0 P1,10.523,748.5254,PG,16:0_18:1,34:01:00,0,,,
PC(19:0_14:3),C41 H76 O8 N1 P1,10.525,741.5309,PC,19:0_14:3,33:03:00,#NAME?,,,
DG(16:1_14:0),C33 H62 O5,10.553,538.4597,DG,16:1_14:0,30:01:00,#NAME?,,,
PC(20:0e_12:1),C40 H80 O7 N1 P1,10.575,717.5672,PC,20:0e_12:1,32:1e,#NAME?,,,
PC(17:1_18:1),C43 H82 O8 N1 P1,10.646,771.5778,PC,17:1_18:1,35:02:00,#NAME?,,,
PG(18:1_18:1) +NH4,C42 H79 O10 N0 P1,10.696,774.5411,PG,18:1_18:1,36:02:00,0,,,
DG(16:1_16:1),C35 H64 O5,10.698,564.4754,DG,16:1_16:1,32:02:00,#NAME?,,,
TG(20:0e_11:3_12:1),C46 H82 O5,10.807,714.6162,TG,20:0e_11:3_12:1,43:4e,#NAME?,,,
PC(22:6_13:0),C43 H74 O8 N1 P1,10.885,763.5152,PC,22:6_13:0,35:06:00,#NAME?,,,
TG(14:0e_9:0_18:1),C44 H84 O5,10.897,692.6319,TG,14:0e_9:0_18:1,41:1e,#NAME?,,,
DG(16:1_16:1),C35 H64 O5,10.904,564.4754,DG,16:1_16:1,32:02:00,#NAME?,,,
TG(12:0e_9:0_18:0)+NH4,C42 H82 O5,10.906,666.6162,TG,12:0e_9:0_18:0,39:0e,#NAME?,,,
TG(14:0e_9:0_20:1) +NH4,C46 H88 O5,10.918,720.6632,TG,14:0e_9:0_20:1,43:1e,#REF!,,,
TG(6:0_12:1_18:3) +NH4,C39 H66 O6,10.933,630.4859,TG,6:0_12:1_18:3,36:04:00,#REF!,,,
PS(18:1_18:1),C42 H78 O10 N1 P1,10.985,787.5363,PS,18:1_18:1,36:02:00,#NAME?,,,
PC(25:0_12:3),C45 H84 O8 N1 P1,11.048,797.5935,PC,25:0_12:3,37:03:00,#NAME?,,,
PC(22:1_12:2),C42 H78 O8 N1 P1,11.051,755.5465,PC,22:1_12:2,34:03:00,#NAME?,,,
PC(16:0_16:0),C40 H80 O8 N1 P1,11.059,733.5622,PC,16:0_16:0,32:00:00,#NAME?,,,
PC(25:0_8:0),C41 H82 O8 N1 P1,11.084,747.5778,PC,25:0_8:0,33:00:00,#NAME?,,,
PS(17:0_18:1),C41 H78 O10 N1 P1,11.095,775.5363,PS,17:0_18:1,35:01:00,#NAME?,,,
DG(16:1_18:2) +NH4,C37 H66 O5,11.121,590.491,DG,16:1_18:2,34:03:00,0,,,
PA(16:0_18:1) +NH4,C37 H71 O8 N0 P1,11.161,674.4887,PA,16:0_18:1,34:01:00,0,,,
PC(24:1_12:3),C44 H80 O8 N1 P1,11.194,781.5622,PC,24:1_12:3,36:04:00,#NAME?,,,
PC(16:0_18:1),C42 H82 O8 N1 P1,11.223,759.5778,PC,16:0_18:1,34:01:00,#NAME?,,,
PC(20:0_14:0),C42 H84 O8 N1 P1,11.351,761.5935,PC,20:0_14:0,34:00:00,#NAME?,,,
PC(18:1_18:1),C44 H84 O8 N1 P1,11.379,785.5935,PC,18:1_18:1,36:02:00,#NAME?,,,
PC(24:1_14:4),C46 H82 O8 N1 P1,11.47,807.5778,PC,24:1_14:4,38:05:00,#NAME?,,,
PC(18:1_18:1),C44 H84 O8 N1 P1,11.49,785.5935,PC,18:1_18:1,36:02:00,#NAME?,,,
PA(16:0_18:1) +NH4,C37 H71 O8 N0 P1,11.579,674.4887,PA,16:0_18:1,34:01:00,0,,,
DG(18:2_18:2) +NH4,C39 H68 O5,11.597,616.5067,DG,18:2_18:2,36:04:00,0,,,
PC(26:1_8:0),C42 H82 O8 N1 P1,11.685,759.5778,PC,26:1_8:0,34:01:00,#NAME?,,,
TG(4:0_18:3_18:3) +NH4,C43 H70 O6,11.691,682.5172,TG,4:0_18:3_18:3,40:06:00,#REF!,,,
TG(4:0_14:0_14:1) +NH4,C35 H64 O6,11.697,580.4703,TG,4:0_14:0_14:1,32:01:00,#REF!,,,
PC(12:1e_22:6),C42 H72 O7 N1 P1,11.734,733.5046,PC,12:1e_22:6,34:7e,#NAME?,,,
TG(12:0_12:3_12:3) +NH4,C39 H62 O6,11.738,626.4546,TG,12:0_12:3_12:3,36:06:00,#REF!,,,
PC(9:0_24:0),C41 H82 O8 N1 P1,11.745,747.5778,PC,9:0_24:0,33:00:00,#NAME?,,,
PC(24:2_14:1),C46 H86 O8 N1 P1,11.801,811.6091,PC,24:2_14:1,38:03:00,#NAME?,,,
DG(16:0_18:3) +NH4,C37 H66 O5,11.802,590.491,DG,16:0_18:3,34:03:00,0,,,
TG(4:0_14:1_16:1) +NH4,C37 H66 O6,11.807,606.4859,TG,4:0_14:1_16:1,34:02:00,#REF!,,,
DG(18:1_18:3) +NH4,C39 H68 O5,11.87,616.5067,DG,18:1_18:3,36:04:00,0,,,
PC(24:0_11:1),C43 H84 O8 N1 P1,11.928,773.5935,PC,24:0_11:1,35:01:00,#NAME?,,,
PC(21:1_14:4),C43 H76 O8 N1 P1,11.943,765.5309,PC,21:1_14:4,35:05:00,#NAME?,,,
PC(18:1e_18:2),C44 H84 O7 N1 P1,11.946,769.5985,PC,18:1e_18:2,36:3e,#NAME?,,,
PC(24:2_14:1),C46 H86 O8 N1 P1,11.946,811.6091,PC,24:2_14:1,38:03:00,#NAME?,,,
DG(12:0e_22:3),C37 H68 O4,11.951,576.5118,DG,12:0e_22:3,34:3e,#NAME?,,,
TG(4:0_14:0_14:1) +NH4,C35 H64 O6,11.963,580.4703,TG,4:0_14:0_14:1,32:01:00,#REF!,,,
TG(18:3_11:4_14:3) +NH4,C46 H68 O6,11.993,716.5016,TG,18:3_11:4_14:3,43:10:00,#REF!,,,
PI(18:0_18:1) +NH4,C45 H85 O13 N0 P1,12.004,864.5728,PI,18:0_18:1,36:01:00,0,,,
TG(4:0_14:1_16:1) +NH4,C37 H66 O6,12.082,606.4859,TG,4:0_14:1_16:1,34:02:00,#REF!,,,
PC(18:1_18:1),C44 H84 O8 N1 P1,12.087,785.5935,PC,18:1_18:1,36:02:00,#NAME?,,,
TG(16:1_6:0_14:1) +NH4,C39 H70 O6,12.175,634.5172,TG,16:1_6:0_14:1,36:02:00,#REF!,,,
DG(16:0_18:3) +NH4,C37 H66 O5,12.2,590.491,DG,16:0_18:3,34:03:00,0,,,
DG(18:1_18:3) +NH4,C39 H68 O5,12.26,616.5067,DG,18:1_18:3,36:04:00,0,,,
PC(9:0_24:0),C41 H82 O8 N1 P1,12.283,747.5778,PC,9:0_24:0,33:00:00,#NAME?,,,
PC(18:1_18:1),C44 H84 O8 N1 P1,12.284,785.5935,PC,18:1_18:1,36:02:00,#NAME?,,,
PS(18:0_18:1),C42 H80 O10 N1 P1,12.301,789.552,PS,18:0_18:1,36:01:00,#NAME?,,,
PS(20:1_18:1),C44 H82 O10 N1 P1,12.319,815.5676,PS,20:1_18:1,38:02:00,#NAME?,,,
PI(18:0_18:1) +NH4,C45 H85 O13 N0 P1,12.41,864.5728,PI,18:0_18:1,36:01:00,0,,,
PC(22:1_13:0),C43 H84 O8 N1 P1,12.504,773.5935,PC,22:1_13:0,35:01:00,#NAME?,,,
TG(6:0_12:1_18:2) +NH4,C39 H68 O6,12.554,632.5016,TG,6:0_12:1_18:2,36:03:00,#REF!,,,
PC(19:1_18:1),C45 H86 O8 N1 P1,12.574,799.6091,PC,19:1_18:1,37:02:00,#NAME?,,,
DG(16:1e_17:0) +NH4,C36 H70 O4,12.6,566.5274,DG,16:1e_17:0,33:1e,0,,,
TG(4:0_14:1_16:1)+NH4,C37 H66 O6,12.61,606.4859,TG,4:0_14:1_16:1,34:02:00,#NAME?,,,
TG(18:0_8:0_10:0) +NH4,C39 H74 O6,12.613,638.5485,TG,18:0_8:0_10:0,36:00:00,#REF!,,,
TG(17:0_11:3_11:4) +NH4,C42 H66 O6,12.651,666.4859,TG,17:0_11:3_11:4,39:07:00,#REF!,,,
TG(4:0_14:0_18:3) +NH4,C39 H68 O6,12.708,632.5016,TG,4:0_14:0_18:3,36:03:00,#REF!,,,
PC(20:0_18:3),C46 H86 O8 N1 P1,12.885,811.6091,PC,20:0_18:3,38:03:00,#NAME?,,,
TG(4:0_16:1_18:3) +NH4,C41 H70 O6,12.928,658.5172,TG,4:0_16:1_18:3,38:04:00,#REF!,,,
DG(16:0_16:1),C35 H66 O5,12.972,566.491,DG,16:0_16:1,32:01:00,#NAME?,,,
PC(14:1_23:0),C45 H88 O8 N1 P1,12.983,801.6248,PC,14:1_23:0,37:01:00,#NAME?,,,
TG(14:0e_11:1_18:0),C46 H88 O5,13.001,720.6632,TG,14:0e_11:1_18:0,43:1e,#NAME?,,,
DG(16:1_18:1) +NH4,C37 H68 O5,13.055,592.5067,DG,16:1_18:1,34:02:00,0,,,
PC(20:0e_14:1),C42 H84 O7 N1 P1,13.072,745.5985,PC,20:0e_14:1,34:1e,#NAME?,,,
LPC(34:1),C42 H84 O7 N1 P1,13.107,745.5985,LPC,34:01:00,34:01:00,#NAME?,,,
TG(9:0_12:4_18:3) +NH4,C42 H66 O6,13.108,666.4859,TG,9:0_12:4_18:3,39:07:00,#REF!,,,
PG(15:0_16:0) +NH4,C37 H73 O10 N0 P1,13.172,708.4941,PG,15:0_16:0,31:00:00,0,,,
TG(18:3_11:3_12:2) +NH4,C44 H68 O6,13.211,692.5016,TG,18:3_11:3_12:2,41:08:00,#REF!,,,
TG(22:2_10:2_11:4) +NH4,C46 H72 O6,13.231,720.5329,TG,22:2_10:2_11:4,43:08:00,#REF!,,,
TG(4:0_14:0_18:3) +NH4,C39 H68 O6,13.277,632.5016,TG,4:0_14:0_18:3,36:03:00,#REF!,,,
TG(4:0_16:1_18:3) +NH4,C41 H70 O6,13.314,658.5172,TG,4:0_16:1_18:3,38:04:00,#REF!,,,
TG(4:0_18:2_18:3) +NH4,C43 H72 O6,13.377,684.5329,TG,4:0_18:2_18:3,40:05:00,#REF!,,,
DG(16:0_16:1),C35 H66 O5,13.397,566.491,DG,16:0_16:1,32:01:00,#NAME?,,,
DG(12:1e_20:0),C35 H68 O4,13.449,552.5118,DG,12:1e_20:0,32:1e,#NAME?,,,
DG(16:0_18:2) +NH4,C37 H68 O5,13.464,592.5067,DG,16:0_18:2,34:02:00,0,,,
DG(18:1_18:2) +NH4,C39 H70 O5,13.535,618.5223,DG,18:1_18:2,36:03:00,0,,,
TG(11:0_10:4_18:3) +NH4,C42 H66 O6,13.54,666.4859,TG,11:0_10:4_18:3,39:07:00,#REF!,,,
TG(8:0_11:2_22:6),C44 H68 O6,13.566,692.5016,TG,8:0_11:2_22:6,41:08:00,#NAME?,,,
PC(18:1e_18:1),C44 H86 O7 N1 P1,13.572,771.6142,PC,18:1e_18:1,36:2e,#NAME?,,,
PC(18:0_16:0),C42 H84 O8 N1 P1,13.601,761.5935,PC,18:0_16:0,34:00:00,#NAME?,,,
PC(29:1_8:0),C45 H88 O8 N1 P1,13.644,801.6248,PC,29:1_8:0,37:01:00,#NAME?,,,
TG(18:2_11:4_14:3) +NH4,C46 H70 O6,13.678,718.5172,TG,18:2_11:4_14:3,43:09:00,#REF!,,,
TG(18:3_10:3_18:3) +NH4,C49 H76 O6,13.69,760.5642,TG,18:3_10:3_18:3,46:09:00,#REF!,,,
PC(18:0_18:1),C44 H86 O8 N1 P1,13.78,787.6091,PC,18:0_18:1,36:01:00,#NAME?,,,
DG(16:0_18:2) +NH4,C37 H68 O5,13.88,592.5067,DG,16:0_18:2,34:02:00,0,,,
DG(18:1_18:2) +NH4,C39 H70 O5,13.957,618.5223,DG,18:1_18:2,36:03:00,0,,,
TG(4:0_11:1_21:0) +NH4,C39 H72 O6,14.056,636.5329,TG,4:0_11:1_21:0,36:01:00,#REF!,,,
TG(4:0_12:0_16:0) +NH4,C35 H66 O6,14.059,582.4859,TG,4:0_12:0_16:0,32:00:00,#REF!,,,
TG(9:0_10:0_18:1) +NH4,C40 H74 O6,14.067,650.5485,TG,9:0_10:0_18:1,37:01:00,#REF!,,,
TG(18:2_11:4_14:3) +NH4,C46 H70 O6,14.093,718.5172,TG,18:2_11:4_14:3,43:09:00,#REF!,,,
TG(20:0_8:0_11:2) +NH4,C42 H76 O6,14.192,676.5642,TG,20:0_8:0_11:2,39:02:00,#REF!,,,
TG(4:0_16:1_16:1) +NH4,C39 H70 O6,14.204,634.5172,TG,4:0_16:1_16:1,36:02:00,#REF!,,,
PC(22:0_14:1),C44 H86 O8 N1 P1,14.237,787.6091,PC,22:0_14:1,36:01:00,#NAME?,,,
DG(18:0e_16:0),C37 H74 O4,14.267,582.5587,DG,18:0e_16:0,34:0e,#NAME?,,,
PC(29:1_8:0),C45 H88 O8 N1 P1,14.302,801.6248,PC,29:1_8:0,37:01:00,#NAME?,,,
PC(16:1e_19:0),C43 H86 O7 N1 P1,14.383,759.6142,PC,16:1e_19:0,35:1e,#NAME?,,,
TG(14:0_11:3_12:2) +NH4,C40 H66 O6,14.388,642.4859,TG,14:0_11:3_12:2,37:05:00,#REF!,,,
TG(8:0_12:4_22:6),C45 H66 O6,14.405,702.4859,TG,8:0_12:4_22:6,42:10:00,#NAME?,,,
DG(18:0_18:3) +NH4,C39 H70 O5,14.406,618.5223,DG,18:0_18:3,36:03:00,0,,,
TG(4:0_12:0_16:0) +NH4,C35 H66 O6,14.407,582.4859,TG,4:0_12:0_16:0,32:00:00,0,,,
TG(15:0_11:4_14:3) +NH4,C43 H68 O6,14.409,680.5016,TG,15:0_11:4_14:3,40:07:00,#REF!,,,
TG(16:1_11:3_12:2) +NH4,C42 H68 O6,14.499,668.5016,TG,16:1_11:3_12:2,39:06:00,#REF!,,,
TG(18:1_11:3_12:2) +NH4,C44 H72 O6,14.499,696.5329,TG,18:1_11:3_12:2,41:06:00,#REF!,,,
TG(9:0_10:0_18:1) +NH4,C40 H74 O6,14.509,650.5485,TG,9:0_10:0_18:1,37:01:00,#REF!,,,
TG(4:0_14:1_16:0) +NH4,C37 H68 O6,14.51,608.5016,TG,4:0_14:1_16:0,34:01:00,0,,,
TG(4:0_16:1_16:1) +NH4,C39 H70 O6,14.542,634.5172,TG,4:0_16:1_16:1,36:02:00,#REF!,,,
TG(4:0_16:1_18:4)+NH4,C41 H68 O6,14.544,656.5016,TG,4:0_16:1_18:4,38:05:00,#NAME?,,,
TG(19:1_8:0_12:1) +NH4,C42 H76 O6,14.547,676.5642,TG,19:1_8:0_12:1,39:02:00,#REF!,,,
TG(4:0_16:1_18:2) +NH4,C41 H72 O6,14.612,660.5329,TG,4:0_16:1_18:2,38:03:00,#REF!,,,
PC(25:1_8:0),C41 H80 O8 N1 P1,14.653,745.5622,PC,25:1_8:0,33:01:00,#NAME?,,,
PC(25:0_11:0),C44 H88 O8 N1 P1,14.72,789.6248,PC,25:0_11:0,36:00:00,#NAME?,,,
PS(20:0_18:1),C44 H84 O10 N1 P1,14.763,817.5833,PS,20:0_18:1,38:01:00,#NAME?,,,
TG(6:0_11:1_22:5) +NH4,C42 H68 O6,14.812,668.5016,TG,6:0_11:1_22:5,39:06:00,#REF!,,,
PC(17:1_21:0),C46 H90 O8 N1 P1,14.818,815.6404,PC,17:1_21:0,38:01:00,#NAME?,,,
TG(22:6_10:3_12:2),C47 H68 O6,14.839,728.5016,TG,22:6_10:3_12:2,44:11:00,#NAME?,,,
TG(18:4_6:0_18:4) +NH4,C45 H70 O6,14.863,706.5172,TG,18:4_6:0_18:4,42:08:00,#REF!,,,
TG(11:0_8:0_18:1) +NH4,C40 H74 O6,14.877,650.5485,TG,11:0_8:0_18:1,37:01:00,#REF!,,,
TG(18:2_11:3_12:2) +NH4,C44 H70 O6,14.906,694.5172,TG,18:2_11:3_12:2,41:07:00,#REF!,,,
TG(4:0_16:1_16:1) +NH4,C39 H70 O6,14.912,634.5172,TG,4:0_16:1_16:1,36:02:00,0,,,
TG(4:0_16:1_18:4)+NH4,C41 H68 O6,14.913,656.5016,TG,4:0_16:1_18:4,38:05:00,#NAME?,,,
TG(16:1_10:3_18:3) +NH4,C47 H76 O6,14.918,736.5642,TG,16:1_10:3_18:3,44:07:00,#REF!,,,
TG(4:0_16:1_18:2) +NH4,C41 H72 O6,14.941,660.5329,TG,4:0_16:1_18:2,38:03:00,#REF!,,,
PC(29:1_8:0),C45 H88 O8 N1 P1,14.961,801.6248,PC,29:1_8:0,37:01:00,#NAME?,,,
TG(4:0_18:2_18:2) +NH4,C43 H74 O6,14.998,686.5485,TG,4:0_18:2_18:2,40:04:00,#REF!,,,
PC(28:1_11:1),C47 H90 O8 N1 P1,15.132,827.6404,PC,28:1_11:1,39:02:00,#NAME?,,,
TG(9:0_12:3_22:6),C46 H70 O6,15.14,718.5172,TG,9:0_12:3_22:6,43:09:00,#NAME?,,,
DG(16:0_16:0),C35 H68 O5,15.212,568.5067,DG,16:0_16:0,32:00:00,#NAME?,,,
TG(18:0_12:0_12:4) +NH4,C45 H78 O6,15.212,714.5798,TG,18:0_12:0_12:4,42:04:00,#REF!,,,
TG(21:1_10:4_14:3) +NH4,C48 H76 O6,15.233,748.5642,TG,21:1_10:4_14:3,45:08:00,#REF!,,,
TG(4:0_18:3_18:3),C43 H70 O6,15.234,682.5172,TG,4:0_18:3_18:3,40:06:00,#NAME?,,,
TG(4:0_16:0_18:3) +NH4,C41 H72 O6,15.245,660.5329,TG,4:0_16:0_18:3,38:03:00,#REF!,,,
TG(4:0_18:1_18:3) +NH4,C43 H74 O6,15.252,686.5485,TG,4:0_18:1_18:3,40:04:00,#REF!,,,
TG(18:2_11:2_14:4) +NH4,C46 H72 O6,15.257,720.5329,TG,18:2_11:2_14:4,43:08:00,#REF!,,,
PC(20:0e_14:0),C42 H86 O7 N1 P1,15.269,747.6142,PC,20:0e_14:0,34:0e,#NAME?,,,
TG(4:0_16:1_17:1) +NH4,C40 H72 O6,15.289,648.5329,TG,4:0_16:1_17:1,37:02:00,0,,,
DG(16:0_18:1) +NH4,C37 H70 O5,15.296,594.5223,DG,16:0_18:1,34:01:00,0,,,
DG(17:0_20:1) +NH4,C40 H76 O5,15.306,636.5693,DG,17:0_20:1,37:01:00,0,,,
DG(18:1_18:1) +NH4,C39 H72 O5,15.338,620.538,DG,18:1_18:1,36:02:00,0,,,
TG(4:0_15:0_16:1) +NH4,C38 H70 O6,15.34,622.5172,TG,4:0_15:0_16:1,35:01:00,0,,,
TG(16:2e_10:3_18:2) +NH4,C47 H78 O5,15.349,722.5849,TG,16:2e_10:3_18:2,44:7e,#REF!,,,
LPC(36:1),C44 H88 O7 N1 P1,15.356,773.6298,LPC,36:01:00,36:01:00,#NAME?,,,
PC(20:1e_16:0),C44 H88 O7 N1 P1,15.364,773.6298,PC,20:1e_16:0,36:1e,#NAME?,,,
TG(4:0_14:0_22:6) +NH4,C43 H70 O6,15.376,682.5172,TG,4:0_14:0_22:6,40:06:00,#REF!,,,
TG(18:3_10:3_18:2) +NH4,C49 H78 O6,15.439,762.5798,TG,18:3_10:3_18:2,46:08:00,#REF!,,,
TG(15:0_11:3_12:2) +NH4,C41 H68 O6,15.484,656.5016,TG,15:0_11:3_12:2,38:05:00,#REF!,,,
TG(23:1_10:3_11:3) +NH4,C47 H76 O6,15.485,736.5642,TG,23:1_10:3_11:3,44:07:00,#REF!,,,
TG(19:0_12:4_12:4) +NH4,C46 H72 O6,15.487,720.5329,TG,19:0_12:4_12:4,43:08:00,#REF!,,,
TG(16:0_11:4_12:0)+NH4,C42 H72 O6,15.488,672.5329,TG,16:0_11:4_12:0,39:04:00,#NAME?,,,
TG(15:0_11:3_14:3) +NH4,C43 H70 O6,15.489,682.5172,TG,15:0_11:3_14:3,40:06:00,#REF!,,,
TG(18:3_11:2_12:2) +NH4,C44 H70 O6,15.497,694.5172,TG,18:3_11:2_12:2,41:07:00,#REF!,,,
TG(18:4_11:1_18:3) +NH4,C50 H80 O6,15.513,776.5955,TG,18:4_11:1_18:3,47:08:00,#REF!,,,
TG(4:0_15:0_16:1) +NH4,C38 H70 O6,15.523,622.5172,TG,4:0_15:0_16:1,35:01:00,0,,,
PC(18:2e_17:0),C43 H84 O7 N1 P1,15.555,757.5985,PC,18:2e_17:0,35:2e,#NAME?,,,
TG(4:0_16:0_18:3) +NH4,C41 H72 O6,15.565,660.5329,TG,4:0_16:0_18:3,38:03:00,0,,,
TG(4:0_16:1_17:1) +NH4,C40 H72 O6,15.611,648.5329,TG,4:0_16:1_17:1,37:02:00,0,,,
LPC(36:1),C44 H88 O7 N1 P1,15.622,773.6298,LPC,36:01:00,36:01:00,#NAME?,,,
DG(16:0_18:1),C37 H70 O5,15.636,594.5223,DG,16:0_18:1,34:01:00,#NAME?,,,
DG(18:1_18:1) +NH4,C39 H72 O5,15.712,620.538,DG,18:1_18:1,36:02:00,0,,,
TG(20:3e_11:4_20:5) +NH4,C54 H82 O5,15.718,810.6162,TG,20:3e_11:4_20:5,51:12e,#REF!,,,
TG(18:3_11:2_12:2) +NH4,C44 H70 O6,15.778,694.5172,TG,18:3_11:2_12:2,41:07:00,#REF!,,,
TG(9:0_9:0_22:6) +NH4,C43 H70 O6,15.821,682.5172,TG,9:0_9:0_22:6,40:06:00,#REF!,,,
TG(16:1_6:0_16:1) +NH4,C41 H74 O6,15.822,662.5485,TG,16:1_6:0_16:1,38:02:00,0,,,
TG(8:0_14:4_20:5),C45 H68 O6,15.828,704.5016,TG,8:0_14:4_20:5,42:09:00,#NAME?,,,
PC(20:0e_18:2),C46 H90 O7 N1 P1,15.846,799.6455,PC,20:0e_18:2,38:2e,#NAME?,,,
PC(26:0_10:0),C44 H88 O8 N1 P1,15.848,789.6248,PC,26:0_10:0,36:00:00,#NAME?,,,
TG(4:0_12:2_21:0)+NH4,C40 H72 O6,15.849,648.5329,TG,4:0_12:2_21:0,37:02:00,#NAME?,,,
TG(4:0_18:1_18:4),C43 H72 O6,15.857,684.5329,TG,4:0_18:1_18:4,40:05:00,#NAME?,,,
TG(4:0_17:1_18:2) +NH4,C42 H74 O6,15.904,674.5485,TG,4:0_17:1_18:2,39:03:00,0,,,
PC(28:1_10:0),C46 H90 O8 N1 P1,15.985,815.6404,PC,28:1_10:0,38:01:00,#NAME?,,,
TG(4:0_14:0_16:0) +NH4,C37 H70 O6,16.11,610.5172,TG,4:0_14:0_16:0,34:00:00,0,,,
TG(22:6_11:2_11:2),C47 H70 O6,16.121,730.5172,TG,22:6_11:2_11:2,44:10:00,#NAME?,,,
TG(14:1e_11:2_14:4),C42 H68 O5,16.127,652.5067,TG,14:1e_11:2_14:4,39:7e,#NAME?,,,
TG(18:2_12:2_12:3) +NH4,C45 H72 O6,16.137,708.5329,TG,18:2_12:2_12:3,42:07:00,#REF!,,,
TG(16:0_11:2_14:0) +NH4,C44 H80 O6,16.138,704.5955,TG,16:0_11:2_14:0,41:02:00,#REF!,,,
DG(12:0e_6:0),C21 H42 O4,16.145,358.3083,DG,12:0e_6:0,18:0e,#NAME?,,,
TG(4:0_16:0_16:1) +NH4,C39 H72 O6,16.147,636.5329,TG,4:0_16:0_16:1,36:01:00,0,,,
TG(16:1_6:0_18:2) +NH4,C43 H76 O6,16.15,688.5642,TG,16:1_6:0_18:2,40:03:00,#REF!,,,
TG(4:0_16:0_19:1) +NH4,C42 H78 O6,16.157,678.5798,TG,4:0_16:0_19:1,39:01:00,0,,,
TG(4:0_16:1_18:1) +NH4,C41 H74 O6,16.158,662.5485,TG,4:0_16:1_18:1,38:02:00,0,,,
DG(10:0e_10:0),C23 H46 O4,16.161,386.3396,DG,10:0e_10:0,20:0e,#NAME?,,,
TG(4:0_16:0_16:1) +NH4,C39 H72 O6,16.162,636.5329,TG,4:0_16:0_16:1,36:01:00,0,,,
TG(4:0_16:1_17:0) +NH4,C40 H74 O6,16.166,650.5485,TG,4:0_16:1_17:0,37:01:00,0,,,
TG(4:0_17:1_18:2) +NH4,C42 H74 O6,16.186,674.5485,TG,4:0_17:1_18:2,39:03:00,0,,,
TG(19:1_11:4_12:1) +NH4,C45 H74 O6,16.193,710.5485,TG,19:1_11:4_12:1,42:06:00,#REF!,,,
PC(27:1_8:0),C43 H84 O8 N1 P1,16.217,773.5935,PC,27:1_8:0,35:01:00,#NAME?,,,
TG(4:0_16:1_18:2) +NH4,C41 H72 O6,16.312,660.5329,TG,4:0_16:1_18:2,38:03:00,0,,,
TG(16:0_10:2_11:2) +NH4,C40 H68 O6,16.339,644.5016,TG,16:0_10:2_11:2,37:04:00,0,,,
TG(8:0_11:2_22:6),C44 H68 O6,16.357,692.5016,TG,8:0_11:2_22:6,41:08:00,#NAME?,,,
TG(18:1_11:3_12:2) +NH4,C44 H72 O6,16.368,696.5329,TG,18:1_11:3_12:2,41:06:00,#REF!,,,
TG(6:0_18:2_18:3) +NH4,C45 H76 O6,16.372,712.5642,TG,6:0_18:2_18:3,42:05:00,#REF!,,,
TG(16:0_11:3_12:2) +NH4,C42 H70 O6,16.375,670.5172,TG,16:0_11:3_12:2,39:05:00,0,,,
TG(18:3_12:2_12:2) +NH4,C45 H72 O6,16.382,708.5329,TG,18:3_12:2_12:2,42:07:00,#REF!,,,
TG(4:0_16:0_16:1) +NH4,C39 H72 O6,16.384,636.5329,TG,4:0_16:0_16:1,36:01:00,0,,,
TG(4:0_14:0_16:0) +NH4,C37 H70 O6,16.387,610.5172,TG,4:0_14:0_16:0,34:00:00,0,,,
DG(12:0e_6:0),C21 H42 O4,16.388,358.3083,DG,12:0e_6:0,18:0e,#NAME?,,,
TG(14:0e_11:3_14:4),C42 H68 O5,16.411,652.5067,TG,14:0e_11:3_14:4,39:7e,#NAME?,,,
TG(4:0_16:1_18:1) +NH4,C41 H74 O6,16.429,662.5485,TG,4:0_16:1_18:1,38:02:00,0,,,
TG(4:0_18:1_18:2) +NH4,C43 H76 O6,16.449,688.5642,TG,4:0_18:1_18:2,40:03:00,0,,,
TG(10:0_13:0_18:2) +NH4,C44 H80 O6,16.463,704.5955,TG,10:0_13:0_18:2,41:02:00,#REF!,,,
TG(4:0_18:1_18:4),C43 H72 O6,16.465,684.5329,TG,4:0_18:1_18:4,40:05:00,#NAME?,,,
TG(6:0_18:1_18:3) +NH4,C45 H78 O6,16.595,714.5798,TG,6:0_18:1_18:3,42:04:00,#REF!,,,
TG(18:1_10:3_18:3) +NH4,C49 H80 O6,16.632,764.5955,TG,18:1_10:3_18:3,46:07:00,#REF!,,,
TG(18:1_11:2_14:4) +NH4,C46 H74 O6,16.642,722.5485,TG,18:1_11:2_14:4,43:07:00,#REF!,,,
TG(16:0_11:3_12:2) +NH4,C42 H70 O6,16.653,670.5172,TG,16:0_11:3_12:2,39:05:00,0,,,
TG(4:0_18:1_18:4),C43 H72 O6,16.656,684.5329,TG,4:0_18:1_18:4,40:05:00,#NAME?,,,
DG(12:1e_20:0),C35 H68 O4,16.658,552.5118,DG,12:1e_20:0,32:1e,#NAME?,,,
TG(16:0_11:2_14:4) +NH4,C44 H72 O6,16.658,696.5329,TG,16:0_11:2_14:4,41:06:00,#REF!,,,
TG(19:1_11:4_14:3) +NH4,C47 H74 O6,16.661,734.5485,TG,19:1_11:4_14:3,44:08:00,#REF!,,,
TG(18:1_11:3_14:2) +NH4,C46 H76 O6,16.663,724.5642,TG,18:1_11:3_14:2,43:06:00,#REF!,,,
TG(4:0_14:0_16:0) +NH4,C37 H70 O6,16.664,610.5172,TG,4:0_14:0_16:0,34:00:00,0,,,
TG(18:4_11:3_12:1),C44 H68 O6,16.712,692.5016,TG,18:4_11:3_12:1,41:08:00,#NAME?,,,
PG(16:0e_19:0) +NH4,C41 H83 O9 N0 P1,16.762,750.5775,PG,16:0e_19:0,35:0e,0,,,
TG(12:0_11:2_22:5) +NH4,C48 H78 O6,16.773,750.5798,TG,12:0_11:2_22:5,45:07:00,#REF!,,,
TG(18:3_11:1_18:3) +NH4,C50 H82 O6,16.783,778.6111,TG,18:3_11:1_18:3,47:07:00,#REF!,,,
TG(20:5_10:2_13:0),C46 H74 O6,16.888,722.5485,TG,20:5_10:2_13:0,43:07:00,#NAME?,,,
TG(20:5_11:4_14:1),C48 H72 O6,16.901,744.5329,TG,20:5_11:4_14:1,45:10:00,#NAME?,,,
TG(16:0_11:2_14:4) +NH4,C44 H72 O6,16.913,696.5329,TG,16:0_11:2_14:4,41:06:00,#REF!,,,
TG(4:0_16:0_17:1) +NH4,C40 H74 O6,16.92,650.5485,TG,4:0_16:0_17:1,37:01:00,0,,,
TG(18:1_10:3_18:3) +NH4,C49 H80 O6,16.921,764.5955,TG,18:1_10:3_18:3,46:07:00,#REF!,,,
DG(22:5_18:2),C43 H70 O5,16.923,666.5223,DG,22:5_18:2,40:07:00,#NAME?,,,
DG(20:5_22:5),C45 H68 O5,16.923,688.5067,DG,20:5_22:5,42:10:00,#NAME?,,,
TG(16:0_11:3_12:1)+NH4,C42 H72 O6,16.935,672.5329,TG,16:0_11:3_12:1,39:04:00,#NAME?,,,
TG(4:0_17:1_18:1) +NH4,C42 H76 O6,16.945,676.5642,TG,4:0_17:1_18:1,39:02:00,0,,,
PC(20:0e_16:0),C44 H90 O7 N1 P1,16.971,775.6455,PC,20:0e_16:0,36:0e,#NAME?,,,
TG(4:0_18:0_18:3) +NH4,C43 H76 O6,16.983,688.5642,TG,4:0_18:0_18:3,40:03:00,0,,,
TG(12:1e_11:4_22:6),C48 H72 O5,16.984,728.538,TG,12:1e_11:4_22:6,45:11e,#NAME?,,,
TG(18:4_8:0_16:1),C45 H76 O6,16.993,712.5642,TG,18:4_8:0_16:1,42:05:00,#NAME?,,,
TG(20:4e_10:4_13:0),C46 H74 O5,16.993,706.5536,TG,20:4e_10:4_13:0,43:8e,#NAME?,,,
DG(18:0_18:1) +NH4,C39 H74 O5,16.996,622.5536,DG,18:0_18:1,36:01:00,0,,,
PC(18:1e_19:1),C45 H88 O7 N1 P1,17.045,785.6298,PC,18:1e_19:1,37:2e,#NAME?,,,
PC(18:1e_18:1),C44 H86 O7 N1 P1,17.054,771.6142,PC,18:1e_18:1,36:2e,#NAME?,,,
TG(4:0_16:1_17:0) +NH4,C40 H74 O6,17.095,650.5485,TG,4:0_16:1_17:0,37:01:00,0,,,
TG(8:0_14:3_22:6),C47 H72 O6,17.098,732.5329,TG,8:0_14:3_22:6,44:09:00,#NAME?,,,
TG(18:1_11:2_11:2) +NH4,C43 H72 O6,17.1,684.5329,TG,18:1_11:2_11:2,40:05:00,0,,,
TG(12:1e_6:0_22:6),C43 H70 O5,17.144,666.5223,TG,12:1e_6:0_22:6,40:7e,#NAME?,,,
TG(20:3_10:4_13:0),C46 H74 O6,17.166,722.5485,TG,20:3_10:4_13:0,43:07:00,#NAME?,,,
TG(16:0_12:4_18:3) +NH4,C49 H80 O6,17.173,764.5955,TG,16:0_12:4_18:3,46:07:00,#REF!,,,
TG(16:2_11:3_18:2) +NH4,C48 H78 O6,17.181,750.5798,TG,16:2_11:3_18:2,45:07:00,#REF!,,,
TG(12:1e_11:4_22:6),C48 H72 O5,17.324,728.538,TG,12:1e_11:4_22:6,45:11e,#NAME?,,,
TG(16:1_6:0_18:1) +NH4,C43 H78 O6,17.326,690.5798,TG,16:1_6:0_18:1,40:02:00,0,,,
TG(21:0_11:1_11:1) +NH4,C46 H84 O6,17.328,732.6268,TG,21:0_11:1_11:1,43:02:00,#REF!,,,
TG(16:0_6:0_14:0) +NH4,C39 H74 O6,17.332,638.5485,TG,16:0_6:0_14:0,36:00:00,0,,,
TG(16:0_6:0_16:1) +NH4,C41 H76 O6,17.341,664.5642,TG,16:0_6:0_16:1,38:01:00,0,,,
TG(18:0_10:3_12:1),C43 H74 O6,17.35,686.5485,TG,18:0_10:3_12:1,40:04:00,#NAME?,,,
TG(6:0_11:1_23:0) +NH4,C43 H80 O6,17.351,692.5955,TG,6:0_11:1_23:0,40:01:00,0,,,
TG(4:0_16:0_22:5) +NH4,C45 H76 O6,17.359,712.5642,TG,4:0_16:0_22:5,42:05:00,#REF!,,,
TG(16:0_10:4_16:0) +NH4,C45 H78 O6,17.366,714.5798,TG,16:0_10:4_16:0,42:04:00,#REF!,,,
TG(16:4_8:0_20:5),C47 H72 O6,17.396,732.5329,TG,16:4_8:0_20:5,44:09:00,#NAME?,,,
TG(16:1_11:1_18:3) +NH4,C48 H82 O6,17.515,754.6111,TG,16:1_11:1_18:3,45:05:00,#REF!,,,
TG(6:0_18:1_18:1) +NH4,C45 H82 O6,17.533,718.6111,TG,6:0_18:1_18:1,42:02:00,0,,,
TG(16:0_11:2_16:0) +NH4,C46 H84 O6,17.541,732.6268,TG,16:0_11:2_16:0,43:02:00,#REF!,,,
TG(6:0_18:1_18:2) +NH4,C45 H80 O6,17.546,716.5955,TG,6:0_18:1_18:2,42:03:00,0,,,
TG(16:0_10:3_18:2) +NH4,C47 H80 O6,17.552,740.5955,TG,16:0_10:3_18:2,44:05:00,#REF!,,,
TG(16:1_6:0_18:1) +NH4,C43 H78 O6,17.565,690.5798,TG,16:1_6:0_18:1,40:02:00,0,,,
TG(16:0_11:3_14:3) +NH4,C44 H72 O6,17.566,696.5329,TG,16:0_11:3_14:3,41:06:00,0,,,
TG(4:0_16:0_18:1) +NH4,C41 H76 O6,17.589,664.5642,TG,4:0_16:0_18:1,38:01:00,0,,,
TG(18:0_10:3_11:2) +NH4,C42 H70 O6,17.59,670.5172,TG,18:0_10:3_11:2,39:05:00,0,,,
TG(4:0_16:0_21:1) +NH4,C44 H82 O6,17.6,706.6111,TG,4:0_16:0_21:1,41:01:00,0,,,
TG(16:0_10:4_18:3) +NH4,C47 H76 O6,17.609,736.5642,TG,16:0_10:4_18:3,44:07:00,#REF!,,,
TG(4:0_16:0_22:5) +NH4,C45 H76 O6,17.615,712.5642,TG,4:0_16:0_22:5,42:05:00,#REF!,,,
TG(4:0_16:0_16:0) +NH4,C39 H74 O6,17.622,638.5485,TG,4:0_16:0_16:0,36:00:00,0,,,
TG(4:0_16:1_20:0) +NH4,C43 H80 O6,17.627,692.5955,TG,4:0_16:1_20:0,40:01:00,0,,,
TG(18:0_8:0_13:0) +NH4,C42 H80 O6,17.661,680.5955,TG,18:0_8:0_13:0,39:00:00,0,,,
TG(18:3_11:1_18:2) +NH4,C50 H84 O6,17.706,780.6268,TG,18:3_11:1_18:2,47:06:00,#REF!,,,
TG(14:0e_14:0_22:6),C53 H92 O5,17.724,808.6945,TG,14:0e_14:0_22:6,50:6e,#NAME?,,,
TG(18:1_11:2_14:3) +NH4,C46 H76 O6,17.746,724.5642,TG,18:1_11:2_14:3,43:06:00,#REF!,,,
DG(12:0e_11:4),C26 H44 O4,17.76,420.324,DG,12:0e_11:4,23:4e,#NAME?,,,
TG(18:1_11:2_12:2) +NH4,C44 H74 O6,17.763,698.5485,TG,18:1_11:2_12:2,41:05:00,0,,,
TG(9:0_12:2_22:0) +NH4,C46 H84 O6,17.806,732.6268,TG,9:0_12:2_22:0,43:02:00,#REF!,,,
TG(16:0_11:4_12:0) +NH4,C42 H72 O6,17.81,672.5329,TG,16:0_11:4_12:0,39:04:00,0,,,
TG(4:0_16:0_18:1) +NH4,C41 H76 O6,17.823,664.5642,TG,4:0_16:0_18:1,38:01:00,0,,,
TG(4:0_18:0_18:4),C43 H74 O6,17.825,686.5485,TG,4:0_18:0_18:4,40:04:00,#NAME?,,,
TG(16:1_10:1_16:1) +NH4,C45 H80 O6,17.838,716.5955,TG,16:1_10:1_16:1,42:03:00,0,,,
TG(4:0_16:1_20:0) +NH4,C43 H80 O6,17.851,692.5955,TG,4:0_16:1_20:0,40:01:00,0,,,
TG(18:1_11:2_14:2) +NH4,C46 H78 O6,17.851,726.5798,TG,18:1_11:2_14:2,43:05:00,#REF!,,,
TG(4:0_16:0_16:0) +NH4,C39 H74 O6,17.855,638.5485,TG,4:0_16:0_16:0,36:00:00,0,,,
TG(4:0_18:1_18:1) +NH4,C43 H78 O6,17.855,690.5798,TG,4:0_18:1_18:1,40:02:00,0,,,
TG(16:2_11:3_18:1) +NH4,C48 H80 O6,17.858,752.5955,TG,16:2_11:3_18:1,45:06:00,#REF!,,,
TG(16:0_10:2_16:1) +NH4,C45 H80 O6,17.947,716.5955,TG,16:0_10:2_16:1,42:03:00,0,,,
TG(16:0_11:4_18:3) +NH4,C48 H78 O6,17.96,750.5798,TG,16:0_11:4_18:3,45:07:00,#REF!,,,
TG(19:0_11:2_11:3) +NH4,C44 H74 O6,17.983,698.5485,TG,19:0_11:2_11:3,41:05:00,0,,,
TG(16:0_11:2_12:2) +NH4,C42 H72 O6,18.021,672.5329,TG,16:0_11:2_12:2,39:04:00,0,,,
TG(18:1_11:3_14:2) +NH4,C46 H76 O6,18.032,724.5642,TG,18:1_11:3_14:2,43:06:00,#REF!,,,
TG(4:0_17:0_18:1) +NH4,C42 H78 O6,18.045,678.5798,TG,4:0_17:0_18:1,39:01:00,0,,,
TG(16:2_11:4_18:0) +NH4,C48 H80 O6,18.092,752.5955,TG,16:2_11:4_18:0,45:06:00,#REF!,,,
TG(12:0_18:3_18:3) +NH4,C51 H86 O6,18.109,794.6424,TG,12:0_18:3_18:3,48:06:00,#REF!,,,
TG(23:0_10:3_11:3),C47 H78 O6,18.118,738.5798,TG,23:0_10:3_11:3,44:06:00,#NAME?,,,
TG(4:0_18:1_19:1) +NH4,C44 H80 O6,18.121,704.5955,TG,4:0_18:1_19:1,41:02:00,0,,,
TG(4:0_17:0_18:1) +NH4,C42 H78 O6,18.209,678.5798,TG,4:0_17:0_18:1,39:01:00,0,,,
TG(16:0_10:1_18:3) +NH4,C47 H82 O6,18.218,742.6111,TG,16:0_10:1_18:3,44:04:00,#REF!,,,
TG(11:0_11:0_21:1) +NH4,C46 H86 O6,18.227,734.6424,TG,11:0_11:0_21:1,43:01:00,0,,,
TG(16:1_11:1_16:1) +NH4,C46 H82 O6,18.228,730.6111,TG,16:1_11:1_16:1,43:03:00,0,,,
TG(16:1_8:0_18:1) +NH4,C45 H82 O6,18.229,718.6111,TG,16:1_8:0_18:1,42:02:00,0,,,
TG(18:4_10:0_16:1),C47 H80 O6,18.233,740.5955,TG,18:4_10:0_16:1,44:05:00,#NAME?,,,
TG(16:0_8:0_16:1) +NH4,C43 H80 O6,18.236,692.5955,TG,16:0_8:0_16:1,40:01:00,0,,,
TG(16:0_10:3_16:1),C45 H78 O6,18.238,714.5798,TG,16:0_10:3_16:1,42:04:00,#NAME?,,,
TG(4:0_20:4_20:4),C47 H74 O6,18.252,734.5485,TG,4:0_20:4_20:4,44:08:00,#NAME?,,,
TG(18:0_11:2_14:4) +NH4,C46 H76 O6,18.286,724.5642,TG,18:0_11:2_14:4,43:06:00,#REF!,,,
TG(16:0_10:4_18:2) +NH4,C47 H78 O6,18.287,738.5798,TG,16:0_10:4_18:2,44:06:00,#REF!,,,
TG(18:3_13:0_22:6),C56 H90 O6,18.301,858.6737,TG,18:3_13:0_22:6,53:09:00,#NAME?,,,
TG(16:2e_12:3_20:5),C51 H80 O5,18.318,772.6006,TG,16:2e_12:3_20:5,48:10e,#NAME?,,,
TG(20:3e_16:1_16:1),C55 H98 O5,18.324,838.7414,TG,20:3e_16:1_16:1,52:5e,#NAME?,,,
TG(4:0_16:0_22:5) +NH4,C45 H76 O6,18.351,712.5642,TG,4:0_16:0_22:5,42:05:00,0,,,
TG(16:0_10:2_16:1) +NH4,C45 H80 O6,18.359,716.5955,TG,16:0_10:2_16:1,42:03:00,0,,,
TG(16:3_16:1_18:3) +NH4,C53 H88 O6,18.372,820.6581,TG,16:3_16:1_18:3,50:07:00,#REF!,,,
TG(8:0_14:3_22:5),C47 H74 O6,18.373,734.5485,TG,8:0_14:3_22:5,44:08:00,#NAME?,,,
TG(12:1e_11:3_18:2) +NH4,C44 H74 O5,18.391,682.5536,TG,12:1e_11:3_18:2,41:6e,0,,,
PC(16:1_23:1),C47 H90 O8 N1 P1,18.413,827.6404,PC,16:1_23:1,39:02:00,#NAME?,,,
TG(18:2e_11:4_22:6) +NH4,C54 H82 O5,18.414,810.6162,TG,18:2e_11:4_22:6,51:12e,#REF!,,,
TG(20:0_11:3_14:4) +NH4,C48 H78 O6,18.448,750.5798,TG,20:0_11:3_14:4,45:07:00,#REF!,,,
TG(16:0_10:3_18:1) +NH4,C47 H82 O6,18.466,742.6111,TG,16:0_10:3_18:1,44:04:00,#REF!,,,
TG(4:0_16:0_22:5) +NH4,C45 H76 O6,18.479,712.5642,TG,4:0_16:0_22:5,42:05:00,0,,,
TG(6:0_18:1_18:1) +NH4,C45 H82 O6,18.489,718.6111,TG,6:0_18:1_18:1,42:02:00,0,,,
TG(25:1_9:0_9:0) +NH4,C46 H86 O6,18.502,734.6424,TG,25:1_9:0_9:0,43:01:00,0,,,
TG(16:0_11:2_14:3) +NH4,C44 H74 O6,18.503,698.5485,TG,16:0_11:2_14:3,41:05:00,0,,,
TG(25:0_6:0_11:1) +NH4,C45 H84 O6,18.507,720.6268,TG,25:0_6:0_11:1,42:01:00,0,,,
TG(16:0_8:0_16:1) +NH4,C43 H80 O6,18.512,692.5955,TG,16:0_8:0_16:1,40:01:00,0,,,
TG(6:0_18:1_20:4),C47 H80 O6,18.53,740.5955,TG,6:0_18:1_20:4,44:05:00,#NAME?,,,
TG(16:0_6:0_16:0) +NH4,C41 H78 O6,18.559,666.5798,TG,16:0_6:0_16:0,38:00:00,0,,,
TG(19:1_11:2_14:3) +NH4,C47 H78 O6,18.563,738.5798,TG,19:1_11:2_14:3,44:06:00,#REF!,,,
TG(18:3_18:3_18:3) +NH4,C57 H92 O6,18.585,872.6894,TG,18:3_18:3_18:3,54:09:00,#REF!,,,
TG(18:2_11:1_18:2) +NH4,C50 H86 O6,18.603,782.6424,TG,18:2_11:1_18:2,47:05:00,#REF!,,,
TG(16:1_11:1_18:2) +NH4,C48 H84 O6,18.638,756.6268,TG,16:1_11:1_18:2,45:04:00,#REF!,,,
TG(20:4e_14:2_14:4),C51 H80 O5,18.64,772.6006,TG,20:4e_14:2_14:4,48:10e,#NAME?,,,
TG(20:0_14:2_14:2) +NH4,C51 H90 O6,18.646,798.6737,TG,20:0_14:2_14:2,48:04:00,#REF!,,,
TG(16:1_12:0_18:3) +NH4,C49 H86 O6,18.691,770.6424,TG,16:1_12:0_18:3,46:04:00,#REF!,,,
TG(18:0_11:2_14:3) +NH4,C46 H78 O6,18.714,726.5798,TG,18:0_11:2_14:3,43:05:00,0,,,
TG(16:0_10:0_18:3) +NH4,C47 H84 O6,18.731,744.6268,TG,16:0_10:0_18:3,44:03:00,0,,,
TG(4:0_18:1_20:1) +NH4,C45 H82 O6,18.733,718.6111,TG,4:0_18:1_20:1,42:02:00,0,,,
TG(14:0_11:1_18:2) +NH4,C46 H82 O6,18.738,730.6111,TG,14:0_11:1_18:2,43:03:00,0,,,
TG(12:0e_11:4_22:6),C48 H74 O5,18.739,730.5536,TG,12:0e_11:4_22:6,45:10e,#NAME?,,,
TG(18:1_11:2_12:2) +NH4,C44 H74 O6,18.74,698.5485,TG,18:1_11:2_12:2,41:05:00,0,,,
DG(22:6_21:1),C46 H76 O5,18.745,708.5693,DG,22:6_21:1,43:07:00,#NAME?,,,
TG(16:1e_16:1_22:5),C57 H98 O5,18.752,862.7414,TG,16:1e_16:1_22:5,54:7e,#NAME?,,,
TG(16:0_9:0_18:1) +NH4,C46 H86 O6,18.753,734.6424,TG,16:0_9:0_18:1,43:01:00,0,,,
TG(16:1e_16:0_20:3),C55 H100 O5,18.756,840.7571,TG,16:1e_16:0_20:3,52:4e,#NAME?,,,
TG(20:4_10:2_21:1),C54 H90 O6,18.759,834.6737,TG,20:4_10:2_21:1,51:07:00,#NAME?,,,
TG(16:0_6:0_18:1) +NH4,C43 H80 O6,18.763,692.5955,TG,16:0_6:0_18:1,40:01:00,0,,,
TG(20:4e_16:1_16:1),C55 H96 O5,18.77,836.7258,TG,20:4e_16:1_16:1,52:6e,#NAME?,,,
TG(19:1_12:3_22:6),C56 H88 O6,18.775,856.6581,TG,19:1_12:3_22:6,53:10:00,#NAME?,,,
TG(14:1e_11:3_18:3) +NH4,C46 H76 O5,18.794,708.5693,TG,14:1e_11:3_18:3,43:7e,0,,,
TG(4:0_16:0_18:0) +NH4,C41 H78 O6,18.806,666.5798,TG,4:0_16:0_18:0,38:00:00,0,,,
TG(18:2_14:4_18:2),C53 H86 O6,18.812,818.6424,TG,18:2_14:4_18:2,50:08:00,#NAME?,,,
PC(20:3e_21:0),C49 H94 O7 N1 P1,18.817,839.6768,PC,20:3e_21:0,41:3e,#NAME?,,,
PC(20:0e_20:0),C48 H98 O7 N1 P1,18.828,831.7081,PC,20:0e_20:0,40:0e,#NAME?,,,
TG(16:0_9:0_18:2) +NH4,C46 H84 O6,18.832,732.6268,TG,16:0_9:0_18:2,43:02:00,0,,,
LPC(37:0),C45 H92 O7 N1 P1,18.836,789.6611,LPC,37:00:00,37:00:00,#NAME?,,,
TG(16:0_11:3_18:3),C48 H80 O6,18.855,752.5955,TG,16:0_11:3_18:3,45:06:00,#NAME?,,,
TG(16:0_11:1_18:3) +NH4,C48 H84 O6,18.862,756.6268,TG,16:0_11:1_18:3,45:04:00,#REF!,,,
TG(16:0_9:0_16:1) +NH4,C44 H82 O6,18.884,706.6111,TG,16:0_9:0_16:1,41:01:00,0,,,
TG(16:1_14:1_18:3) +NH4,C51 H88 O6,18.916,796.6581,TG,16:1_14:1_18:3,48:05:00,#REF!,,,
TG(20:4_11:3_14:1),C48 H76 O6,18.923,748.5642,TG,20:4_11:3_14:1,45:08:00,#NAME?,,,
TG(18:0_11:3_14:2) +NH4,C46 H78 O6,18.926,726.5798,TG,18:0_11:3_14:2,43:05:00,0,,,
TG(18:3e_10:4_18:4),C49 H74 O5,18.937,742.5536,TG,18:3e_10:4_18:4,46:11e,#NAME?,,,
TG(8:0_11:1_22:3) +NH4,C44 H76 O6,18.972,700.5642,TG,8:0_11:1_22:3,41:04:00,0,,,
TG(16:2_10:3_19:0) +NH4,C48 H82 O6,18.975,754.6111,TG,16:2_10:3_19:0,45:05:00,#REF!,,,
TG(4:0_18:0_18:1),C43 H80 O6,18.988,692.5955,TG,4:0_18:0_18:1,40:01:00,#NAME?,,,
TG(16:0_14:3_16:1) +NH4,C49 H86 O6,18.991,770.6424,TG,16:0_14:3_16:1,46:04:00,#REF!,,,
LPC(37:0),C45 H92 O7 N1 P1,19.036,789.6611,LPC,37:00:00,37:00:00,#NAME?,,,
TG(18:3_14:1_18:2) +NH4,C53 H90 O6,19.079,822.6737,TG,18:3_14:1_18:2,50:06:00,#REF!,,,
TG(16:0_10:4_18:1) +NH4,C47 H80 O6,19.089,740.5955,TG,16:0_10:4_18:1,44:05:00,0,,,
TG(16:1_18:3_18:3) +NH4,C55 H92 O6,19.109,848.6894,TG,16:1_18:3_18:3,52:07:00,#REF!,,,
TG(20:4e_18:1_18:1)+NH4,C59 H104 O5,19.134,892.7884,TG,20:4e_18:1_18:1,56:6e,#NAME?,,,
TG(16:1_11:1_18:1) +NH4,C48 H86 O6,19.136,758.6424,TG,16:1_11:1_18:1,45:03:00,0,,,
TG(17:0_14:3_22:3),C56 H96 O6,19.139,864.7207,TG,17:0_14:3_22:3,53:06:00,#NAME?,,,
TG(16:0_11:1_14:0) +NH4,C44 H82 O6,19.146,706.6111,TG,16:0_11:1_14:0,41:01:00,0,,,
TG(18:0_11:4_16:1) +NH4,C48 H82 O6,19.15,754.6111,TG,18:0_11:4_16:1,45:05:00,0,,,
TG(20:0_11:3_14:3) +NH4,C48 H80 O6,19.159,752.5955,TG,20:0_11:3_14:3,45:06:00,#REF!,,,
TG(18:2e_10:3_18:3),C49 H80 O5,19.166,748.6006,TG,18:2e_10:3_18:3,46:8e,#NAME?,,,
TG(16:0_11:1_16:1) +NH4,C46 H84 O6,19.168,732.6268,TG,16:0_11:1_16:1,43:02:00,0,,,
TG(20:2e_16:1_18:2),C57 H102 O5,19.171,866.7727,TG,20:2e_16:1_18:2,54:5e,#NAME?,,,
TG(16:0_12:4_13:0) +NH4,C44 H76 O6,19.173,700.5642,TG,16:0_12:4_13:0,41:04:00,0,,,
TG(16:0_14:2_18:3) +NH4,C51 H88 O6,19.186,796.6581,TG,16:0_14:2_18:3,48:05:00,#REF!,,,
TG(16:1_12:0_16:1) +NH4,C47 H86 O6,19.208,746.6424,TG,16:1_12:0_16:1,44:02:00,0,,,
TG(16:0_13:0_18:2) +NH4,C50 H92 O6,19.209,788.6894,TG,16:0_13:0_18:2,47:02:00,#REF!,,,
TG(18:2e_11:4_22:6),C54 H82 O5,19.236,810.6162,TG,18:2e_11:4_22:6,51:12e,#NAME?,,,
TG(18:3e_11:2_18:3),C50 H82 O5,19.237,762.6162,TG,18:3e_11:2_18:3,47:8e,#NAME?,,,
TG(18:3_18:2_18:3) +NH4,C57 H94 O6,19.239,874.705,TG,18:3_18:2_18:3,54:08:00,#REF!,,,
TG(16:0_12:3_16:1),C47 H82 O6,19.24,742.6111,TG,16:0_12:3_16:1,44:04:00,#NAME?,,,
TG(16:1_12:0_14:0) +NH4,C45 H84 O6,19.245,720.6268,TG,16:1_12:0_14:0,42:01:00,0,,,
TG(16:1_14:1_16:1) +NH4,C49 H88 O6,19.248,772.6581,TG,16:1_14:1_16:1,46:03:00,#REF!,,,
TG(16:4_16:1_16:1),C51 H86 O6,19.259,794.6424,TG,16:4_16:1_16:1,48:06:00,#NAME?,,,
TG(11:0_13:0_21:1) +NH4,C48 H90 O6,19.26,762.6737,TG,11:0_13:0_21:1,45:01:00,0,,,
TG(16:0_8:0_16:0) +NH4,C43 H82 O6,19.263,694.6111,TG,16:0_8:0_16:0,40:00:00,0,,,
TG(18:1_11:1_18:2) +NH4,C50 H88 O6,19.281,784.6581,TG,18:1_11:1_18:2,47:04:00,#REF!,,,
TG(16:0_11:1_18:2) +NH4,C48 H86 O6,19.31,758.6424,TG,16:0_11:1_18:2,45:03:00,0,,,
TG(16:0_11:1_20:5),C50 H84 O6,19.317,780.6268,TG,16:0_11:1_20:5,47:06:00,#NAME?,,,
TG(14:0e_18:2_22:5),C57 H98 O5,19.318,862.7414,TG,14:0e_18:2_22:5,54:7e,#NAME?,,,
TG(20:4e_12:4_16:1),C51 H82 O5,19.324,774.6162,TG,20:4e_12:4_16:1,48:9e,#NAME?,,,
TG(15:0_18:3_18:3) +NH4,C54 H92 O6,19.331,836.6894,TG,15:0_18:3_18:3,51:06:00,#REF!,,,
TG(16:0_11:2_22:4) +NH4,C52 H88 O6,19.36,808.6581,TG,16:0_11:2_22:4,49:06:00,#REF!,,,
TG(12:0_11:1_22:5),C48 H80 O6,19.374,752.5955,TG,12:0_11:1_22:5,45:06:00,#NAME?,,,
TG(16:1_14:1_16:1) +NH4,C49 H88 O6,19.379,772.6581,TG,16:1_14:1_16:1,46:03:00,#REF!,,,
TG(18:4_14:1_16:1),C51 H86 O6,19.404,794.6424,TG,18:4_14:1_16:1,48:06:00,#NAME?,,,
TG(18:2e_11:4_18:2),C50 H82 O5,19.41,762.6162,TG,18:2e_11:4_18:2,47:8e,#NAME?,,,
TG(11:0_18:1_18:1) +NH4,C50 H92 O6,19.423,788.6894,TG,11:0_18:1_18:1,47:02:00,#REF!,,,
TG(18:3_18:2_18:3) +NH4,C57 H94 O6,19.439,874.705,TG,18:3_18:2_18:3,54:08:00,#REF!,,,
TG(18:0_10:3_18:1) +NH4,C49 H86 O6,19.466,770.6424,TG,18:0_10:3_18:1,46:04:00,#REF!,,,
TG(16:0_10:2_18:1),C47 H84 O6,19.47,744.6268,TG,16:0_10:2_18:1,44:03:00,#NAME?,,,
TG(18:0_6:0_18:1) +NH4,C45 H84 O6,19.478,720.6268,TG,18:0_6:0_18:1,42:01:00,0,,,
TG(14:1e_11:3_18:2) +NH4,C46 H78 O5,19.487,710.5849,TG,14:1e_11:3_18:2,43:6e,0,,,
TG(14:0e_11:4_20:5),C48 H76 O5,19.489,732.5693,TG,14:0e_11:4_20:5,45:9e,#NAME?,,,
TG(18:0_11:1_18:3) +NH4,C50 H88 O6,19.493,784.6581,TG,18:0_11:1_18:3,47:04:00,#REF!,,,
TG(18:0_6:0_16:0) +NH4,C43 H82 O6,19.529,694.6111,TG,18:0_6:0_16:0,40:00:00,0,,,
TG(15:0_18:3_18:3) +NH4,C54 H92 O6,19.535,836.6894,TG,15:0_18:3_18:3,51:06:00,#REF!,,,
TG(18:4_16:1_18:3),C55 H90 O6,19.567,846.6737,TG,18:4_16:1_18:3,52:08:00,#NAME?,,,
TG(16:1_14:1_18:2) +NH4,C51 H90 O6,19.579,798.6737,TG,16:1_14:1_18:2,48:04:00,#REF!,,,
TG(20:3e_18:1_18:1)+NH4,C59 H106 O5,19.587,894.804,TG,20:3e_18:1_18:1,56:5e,#NAME?,,,
TG(16:1_16:1_18:3) +NH4,C53 H92 O6,19.59,824.6894,TG,16:1_16:1_18:3,50:05:00,#REF!,,,
TG(11:0_16:0_16:1) +NH4,C46 H86 O6,19.592,734.6424,TG,11:0_16:0_16:1,43:01:00,0,,,
TG(16:1_14:1_16:1) +NH4,C49 H88 O6,19.596,772.6581,TG,16:1_14:1_16:1,46:03:00,0,,,
TG(18:3e_11:2_20:4),C52 H84 O5,19.596,788.6319,TG,18:3e_11:2_20:4,49:9e,#NAME?,,,
TG(16:0e_18:1_22:5)+NH4,C59 H104 O5,19.602,892.7884,TG,16:0e_18:1_22:5,56:6e,#NAME?,,,
TG(20:0e_16:0_18:3),C57 H106 O5,19.609,870.804,TG,20:0e_16:0_18:3,54:3e,#NAME?,,,
TG(20:4e_17:1_17:1),C57 H100 O5,19.609,864.7571,TG,20:4e_17:1_17:1,54:6e,#NAME?,,,
TG(16:0_14:4_16:1),C49 H84 O6,19.61,768.6268,TG,16:0_14:4_16:1,46:05:00,#NAME?,,,
TG(16:0_10:1_18:1) +NH4,C47 H86 O6,19.618,746.6424,TG,16:0_10:1_18:1,44:02:00,0,,,
TG(18:3_17:1_18:3),C56 H94 O6,19.625,862.705,TG,18:3_17:1_18:3,53:07:00,#NAME?,,,
TG(16:1_13:0_16:1) +NH4,C48 H88 O6,19.63,760.6581,TG,16:1_13:0_16:1,45:02:00,0,,,
TG(18:3e_17:1_17:1),C55 H98 O5,19.642,838.7414,TG,18:3e_17:1_17:1,52:5e,#NAME?,,,
TG(29:1_10:2_10:2) +NH4,C52 H90 O6,19.676,810.6737,TG,29:1_10:2_10:2,49:05:00,#REF!,,,
TG(16:0e_18:1_22:6)+NH4,C59 H102 O5,19.689,890.7727,TG,16:0e_18:1_22:6,56:7e,#NAME?,,,
TG(14:1e_11:3_18:2) +NH4,C46 H78 O5,19.691,710.5849,TG,14:1e_11:3_18:2,43:6e,0,,,
TG(16:1_18:2_18:3) +NH4,C55 H94 O6,19.714,850.705,TG,16:1_18:2_18:3,52:06:00,#REF!,,,
TG(20:1_14:4_21:1) +NH4,C58 H100 O6,19.715,892.752,TG,20:1_14:4_21:1,55:06:00,#REF!,,,
TG(4:0_18:1_20:0) +NH4,C45 H84 O6,19.749,720.6268,TG,4:0_18:1_20:0,42:01:00,0,,,
TG(4:0_18:1_22:3),C47 H82 O6,19.753,742.6111,TG,4:0_18:1_22:3,44:04:00,#NAME?,,,
TG(16:0_14:1_18:3) +NH4,C51 H90 O6,19.767,798.6737,TG,16:0_14:1_18:3,48:04:00,#REF!,,,
TG(16:4_16:0_18:3),C53 H88 O6,19.778,820.6581,TG,16:4_16:0_18:3,50:07:00,#NAME?,,,
TG(4:0_16:0_20:0) +NH4,C43 H82 O6,19.78,694.6111,TG,4:0_16:0_20:0,40:00:00,0,,,
TG(16:1_16:1_18:2) +NH4,C53 H94 O6,19.808,826.705,TG,16:1_16:1_18:2,50:04:00,#REF!,,,
TG(16:1_14:1_17:1) +NH4,C50 H90 O6,19.819,786.6737,TG,16:1_14:1_17:1,47:03:00,0,,,
TG(16:1_13:0_16:1) +NH4,C48 H88 O6,19.823,760.6581,TG,16:1_13:0_16:1,45:02:00,0,,,
TG(20:0e_18:2_18:3)+NH4,C59 H106 O5,19.858,894.804,TG,20:0e_18:2_18:3,56:5e,#NAME?,,,
TG(15:0_20:2_22:5) +NH4,C60 H102 O6,19.874,918.7676,TG,15:0_20:2_22:5,57:07:00,#REF!,,,
TG(18:4_13:0_16:1),C50 H86 O6,19.876,782.6424,TG,18:4_13:0_16:1,47:05:00,#NAME?,,,
TG(16:0_11:4_18:1) +NH4,C48 H82 O6,19.885,754.6111,TG,16:0_11:4_18:1,45:05:00,0,,,
TG(16:1_18:1_22:5) +NH4,C59 H100 O6,19.888,904.752,TG,16:1_18:1_22:5,56:07:00,#REF!,,,
TG(18:1_18:3_18:3) +NH4,C57 H96 O6,19.892,876.7207,TG,18:1_18:3_18:3,54:07:00,#REF!,,,
TG(18:4_16:1_21:1) +NH4,C58 H100 O6,19.904,892.752,TG,18:4_16:1_21:1,55:06:00,#REF!,,,
TG(16:4_9:0_18:0) +NH4,C46 H80 O6,19.916,728.5955,TG,16:4_9:0_18:0,43:04:00,0,,,
TG(16:0_18:3_18:3) +NH4,C55 H94 O6,19.94,850.705,TG,16:0_18:3_18:3,52:06:00,#REF!,,,
TG(20:2e_14:3_14:3),C51 H84 O5,19.954,776.6319,TG,20:2e_14:3_14:3,48:8e,#NAME?,,,
TG(18:1_11:1_18:1) +NH4,C50 H90 O6,19.967,786.6737,TG,18:1_11:1_18:1,47:03:00,0,,,
TG(18:0_12:2_17:0) +NH4,C50 H92 O6,19.977,788.6894,TG,18:0_12:2_17:0,47:02:00,0,,,
TG(20:4e_14:4_15:0),C52 H86 O5,19.979,790.6475,TG,20:4e_14:4_15:0,49:8e,#NAME?,,,
TG(18:2_13:0_18:2) +NH4,C52 H92 O6,19.981,812.6894,TG,18:2_13:0_18:2,49:04:00,#REF!,,,
TG(16:3_16:0_18:3),C53 H90 O6,19.992,822.6737,TG,16:3_16:0_18:3,50:06:00,#NAME?,,,
TG(12:0_18:3_21:0) +NH4,C54 H98 O6,19.998,842.7363,TG,12:0_18:3_21:0,51:03:00,#REF!,,,
TG(16:0_11:1_18:1) +NH4,C48 H88 O6,20.003,760.6581,TG,16:0_11:1_18:1,45:02:00,0,,,
TG(16:1_16:1_18:3) +NH4,C53 H92 O6,20.011,824.6894,TG,16:1_16:1_18:3,50:05:00,#REF!,,,
TG(16:1_16:1_16:1) +NH4,C51 H92 O6,20.022,800.6894,TG,16:1_16:1_16:1,48:03:00,0,,,
TG(16:0e_18:1_22:5)+NH4,C59 H104 O5,20.023,892.7884,TG,16:0e_18:1_22:5,56:6e,#NAME?,,,
TG(16:0_11:1_16:0) +NH4,C46 H86 O6,20.045,734.6424,TG,16:0_11:1_16:0,43:01:00,0,,,
TG(16:0_14:3_16:1),C49 H86 O6,20.046,770.6424,TG,16:0_14:3_16:1,46:04:00,#NAME?,,,
TG(16:0_12:0_16:1) +NH4,C47 H88 O6,20.048,748.6581,TG,16:0_12:0_16:1,44:01:00,0,,,
TG(16:1_14:0_16:1) +NH4,C49 H90 O6,20.053,774.6737,TG,16:1_14:0_16:1,46:02:00,0,,,
TG(20:4e_14:4_19:0),C56 H94 O5,20.063,846.7101,TG,20:4e_14:4_19:0,53:8e,#NAME?,,,
TG(15:0_16:0_16:1) +NH4,C50 H94 O6,20.065,790.705,TG,15:0_16:0_16:1,47:01:00,0,,,
TG(18:3e_11:1_18:3),C50 H84 O5,20.067,764.6319,TG,18:3e_11:1_18:3,47:7e,#NAME?,,,
TG(18:3e_11:2_20:5),C52 H82 O5,20.069,786.6162,TG,18:3e_11:2_20:5,49:10e,#NAME?,,,
TG(16:4_16:0_16:1),C51 H88 O6,20.077,796.6581,TG,16:4_16:0_16:1,48:05:00,#NAME?,,,
TG(16:0_12:0_14:0) +NH4,C45 H86 O6,20.083,722.6424,TG,16:0_12:0_14:0,42:00:00,0,,,
TG(20:4e_14:4_15:0),C52 H86 O5,20.095,790.6475,TG,20:4e_14:4_15:0,49:8e,#NAME?,,,
TG(15:0_18:2_18:3) +NH4,C54 H94 O6,20.106,838.705,TG,15:0_18:2_18:3,51:05:00,#REF!,,,
TG(18:3e_16:1_22:1)+NH4,C59 H106 O5,20.116,894.804,TG,18:3e_16:1_22:1,56:5e,#NAME?,,,
PC(18:0e_24:1),C50 H100 O7 N1 P1,20.122,857.7237,PC,18:0e_24:1,42:1e,#NAME?,,,
TG(18:1_10:4_23:1) +NH4,C54 H92 O6,20.124,836.6894,TG,18:1_10:4_23:1,51:06:00,#REF!,,,
TG(20:2e_11:3_22:5),C56 H90 O5,20.131,842.6788,TG,20:2e_11:3_22:5,53:10e,#NAME?,,,
TG(16:1_16:1_18:2) +NH4,C53 H94 O6,20.135,826.705,TG,16:1_16:1_18:2,50:04:00,#REF!,,,
TG(18:0_11:1_18:2) +NH4,C50 H90 O6,20.143,786.6737,TG,18:0_11:1_18:2,47:03:00,0,,,
TG(16:1_14:0_16:1),C49 H90 O6,20.162,774.6737,TG,16:1_14:0_16:1,46:02:00,#NAME?,,,
TG(16:0_11:1_18:1) +NH4,C48 H88 O6,20.17,760.6581,TG,16:0_11:1_18:1,45:02:00,0,,,
TG(14:1e_11:3_18:1) +NH4,C46 H80 O5,20.197,712.6006,TG,14:1e_11:3_18:1,43:5e,0,,,
TG(16:2_16:1_16:1) +NH4,C51 H90 O6,20.197,798.6737,TG,16:2_16:1_16:1,48:04:00,0,,,
TG(18:3_17:1_18:2) +NH4,C56 H96 O6,20.201,864.7207,TG,18:3_17:1_18:2,53:06:00,#REF!,,,
TG(18:3e_14:4_16:1),C51 H84 O5,20.209,776.6319,TG,18:3e_14:4_16:1,48:8e,#NAME?,,,
TG(16:0_12:2_18:1) +NH4,C49 H88 O6,20.214,772.6581,TG,16:0_12:2_18:1,46:03:00,0,,,
TG(16:0e_18:4_22:0)+NH4,C59 H108 O5,20.22,896.8197,TG,16:0e_18:4_22:0,56:4e,#NAME?,,,
TG(18:3e_16:1_22:1)+NH4,C59 H106 O5,20.269,894.804,TG,18:3e_16:1_22:1,56:5e,#NAME?,,,
TG(16:0_13:0_14:0) +NH4,C46 H88 O6,20.272,736.6581,TG,16:0_13:0_14:0,43:00:00,0,,,
TG(16:0_13:0_16:1) +NH4,C48 H90 O6,20.287,762.6737,TG,16:0_13:0_16:1,45:01:00,0,,,
TG(16:2_16:0_16:1) +NH4,C51 H92 O6,20.3,800.6894,TG,16:2_16:0_16:1,48:03:00,0,,,
TG(18:1_13:0_22:5) +NH4,C56 H96 O6,20.303,864.7207,TG,18:1_13:0_22:5,53:06:00,#REF!,,,
TG(18:3e_17:1_19:1),C57 H102 O5,20.305,866.7727,TG,18:3e_17:1_19:1,54:5e,#NAME?,,,
TG(16:1_18:1_18:2) +NH4,C55 H98 O6,20.309,854.7363,TG,16:1_18:1_18:2,52:04:00,#REF!,,,
TG(16:1_16:1_18:2) +NH4,C53 H94 O6,20.312,826.705,TG,16:1_16:1_18:2,50:04:00,#REF!,,,
TG(16:1_18:3_18:3),C55 H92 O6,20.316,848.6894,TG,16:1_18:3_18:3,52:07:00,#NAME?,,,
TG(18:4_16:0_16:1) +NH4,C53 H92 O6,20.332,824.6894,TG,18:4_16:0_16:1,50:05:00,#REF!,,,
TG(16:1_17:1_18:3) +NH4,C54 H94 O6,20.333,838.705,TG,16:1_17:1_18:3,51:05:00,#REF!,,,
TG(18:4_15:0_16:1),C52 H90 O6,20.353,810.6737,TG,18:4_15:0_16:1,49:05:00,#NAME?,,,
TG(15:0_16:1_16:1) +NH4,C50 H92 O6,20.357,788.6894,TG,15:0_16:1_16:1,47:02:00,0,,,
TG(20:1_18:3_18:3) +NH4,C59 H100 O6,20.373,904.752,TG,20:1_18:3_18:3,56:07:00,#REF!,,,
TG(18:4_16:0_22:2) +NH4,C59 H102 O6,20.377,906.7676,TG,18:4_16:0_22:2,56:06:00,#REF!,,,
TG(16:1_20:5_21:0) +NH4,C60 H104 O6,20.379,920.7833,TG,16:1_20:5_21:0,57:06:00,#REF!,,,
TG(18:2_18:2_18:2) +NH4,C57 H98 O6,20.382,878.7363,TG,18:2_18:2_18:2,54:06:00,#REF!,,,
TG(20:5_18:2_18:2)+NH4,C59 H96 O6,20.384,900.7207,TG,20:5_18:2_18:2,56:09:00,#NAME?,,,
TG(16:1_18:1_18:3) +NH4,C55 H96 O6,20.395,852.7207,TG,16:1_18:1_18:3,52:05:00,#REF!,,,
TG(20:0_11:1_18:3) +NH4,C52 H92 O6,20.41,812.6894,TG,20:0_11:1_18:3,49:04:00,0,,,
TG(16:0_19:0_20:5) +NH4,C58 H102 O6,20.417,894.7676,TG,16:0_19:0_20:5,55:05:00,#REF!,,,
TG(16:1_18:1_18:2) +NH4,C55 H98 O6,20.442,854.7363,TG,16:1_18:1_18:2,52:04:00,#REF!,,,
TG(16:2e_18:3_18:4),C55 H90 O5,20.458,830.6788,TG,16:2e_18:3_18:4,52:9e,#NAME?,,,
TG(16:1_16:1_17:1) +NH4,C52 H94 O6,20.46,814.705,TG,16:1_16:1_17:1,49:03:00,0,,,
TG(16:0_14:0_18:3),C51 H92 O6,20.475,800.6894,TG,16:0_14:0_18:3,48:03:00,#NAME?,,,
TG(16:0_13:0_20:5),C52 H90 O6,20.493,810.6737,TG,16:0_13:0_20:5,49:05:00,#NAME?,,,
TG(20:0_11:3_16:0) +NH4,C50 H90 O6,20.502,786.6737,TG,20:0_11:3_16:0,47:03:00,0,,,
TG(18:1_18:2_18:3),C57 H98 O6,20.509,878.7363,TG,18:1_18:2_18:3,54:06:00,#NAME?,,,
TG(15:0_16:1_16:1) +NH4,C50 H92 O6,20.515,788.6894,TG,15:0_16:1_16:1,47:02:00,0,,,
TG(28:1_11:2_14:4),C56 H94 O6,20.521,862.705,TG,28:1_11:2_14:4,53:07:00,#NAME?,,,
TG(16:1_17:1_18:2) +NH4,C54 H96 O6,20.534,840.7207,TG,16:1_17:1_18:2,51:04:00,#REF!,,,
TG(21:1_11:1_21:1) +NH4,C56 H102 O6,20.556,870.7676,TG,21:1_11:1_21:1,53:03:00,#REF!,,,
TG(16:0_18:1_18:2) +NH4,C55 H100 O6,20.558,856.752,TG,16:0_18:1_18:2,52:03:00,#REF!,,,
TG(18:1_17:1_18:3) +NH4,C56 H98 O6,20.567,866.7363,TG,18:1_17:1_18:3,53:05:00,#REF!,,,
TG(16:1_16:1_18:1) +NH4,C53 H96 O6,20.575,828.7207,TG,16:1_16:1_18:1,50:03:00,0,,,
TG(20:4e_12:3_19:1),C54 H90 O5,20.598,818.6788,TG,20:4e_12:3_19:1,51:8e,#NAME?,,,
TG(18:2_13:0_23:1) +NH4,C57 H104 O6,20.598,884.7833,TG,18:2_13:0_23:1,54:03:00,#REF!,,,
TG(16:0_16:1_18:2) +NH4,C53 H96 O6,20.608,828.7207,TG,16:0_16:1_18:2,50:03:00,0,,,
TG(16:2_16:0_18:3),C53 H92 O6,20.613,824.6894,TG,16:2_16:0_18:3,50:05:00,#NAME?,,,
TG(16:0_16:1_16:1) +NH4,C51 H94 O6,20.622,802.705,TG,16:0_16:1_16:1,48:02:00,0,,,
TG(16:0_14:0_16:1) +NH4,C49 H92 O6,20.637,776.6894,TG,16:0_14:0_16:1,46:01:00,0,,,
DG(8:0e_20:0),C31 H62 O4,20.641,498.4648,DG,8:0e_20:0,28:0e,#NAME?,,,
TG(16:3_16:0_16:1),C51 H90 O6,20.643,798.6737,TG,16:3_16:0_16:1,48:04:00,#NAME?,,,
TG(16:1_16:1_17:1) +NH4,C52 H94 O6,20.658,814.705,TG,16:1_16:1_17:1,49:03:00,0,,,
TG(16:0_14:0_14:0) +NH4,C47 H90 O6,20.669,750.6737,TG,16:0_14:0_14:0,44:00:00,0,,,
TG(18:0_11:1_16:0) +NH4,C48 H90 O6,20.676,762.6737,TG,18:0_11:1_16:0,45:01:00,0,,,
TG(13:0_23:1_23:1) +NH4,C62 H116 O6,20.68,956.8772,TG,13:0_23:1_23:1,59:02:00,#REF!,,,
TG(16:0_17:1_18:3) +NH4,C54 H96 O6,20.681,840.7207,TG,16:0_17:1_18:3,51:04:00,#REF!,,,
TG(16:0_12:0_18:3),C49 H88 O6,20.691,772.6581,TG,16:0_12:0_18:3,46:03:00,#NAME?,,,
TG(16:0_17:1_18:1) +NH4,C54 H100 O6,20.708,844.752,TG,16:0_17:1_18:1,51:02:00,0,,,
TG(16:1_16:1_18:1) +NH4,C53 H96 O6,20.731,828.7207,TG,16:1_16:1_18:1,50:03:00,0,,,
TG(16:0_16:1_16:1),C51 H94 O6,20.772,802.705,TG,16:0_16:1_16:1,48:02:00,#NAME?,,,
TG(18:4_16:0_16:1),C53 H92 O6,20.772,824.6894,TG,18:4_16:0_16:1,50:05:00,#NAME?,,,
TG(18:1_18:1_18:3) +NH4,C57 H100 O6,20.781,880.752,TG,18:1_18:1_18:3,54:05:00,#REF!,,,
TG(18:0_19:0_20:5) +NH4,C60 H106 O6,20.787,922.7989,TG,18:0_19:0_20:5,57:05:00,#REF!,,,
TG(16:0_14:0_16:1),C49 H92 O6,20.796,776.6894,TG,16:0_14:0_16:1,46:01:00,#NAME?,,,
TG(18:1_18:1_18:2) +NH4,C57 H102 O6,20.796,882.7676,TG,18:1_18:1_18:2,54:04:00,#REF!,,,
TG(16:0_12:0_16:0) +NH4,C47 H90 O6,20.797,750.6737,TG,16:0_12:0_16:0,44:00:00,0,,,
TG(20:2e_11:3_18:2),C52 H88 O5,20.799,792.6632,TG,20:2e_11:3_18:2,49:7e,#NAME?,,,
TG(16:0_18:2_20:5),C57 H96 O6,20.801,876.7207,TG,16:0_18:2_20:5,54:07:00,#NAME?,,,
DG(12:0e_22:3),C37 H68 O4,20.804,576.5118,DG,12:0e_22:3,34:3e,#NAME?,,,
TG(19:1_15:0_18:2) +NH4,C55 H100 O6,20.806,856.752,TG,19:1_15:0_18:2,52:03:00,#REF!,,,
TG(16:0_18:2_18:2) +NH4,C55 H98 O6,20.808,854.7363,TG,16:0_18:2_18:2,52:04:00,#REF!,,,
TG(26:1_11:4_19:0) +NH4,C59 H104 O6,20.809,908.7833,TG,26:1_11:4_19:0,56:05:00,#REF!,,,
TG(18:1_17:1_18:3) +NH4,C56 H98 O6,20.814,866.7363,TG,18:1_17:1_18:3,53:05:00,#REF!,,,
TG(19:0_18:1_18:3) +NH4,C58 H104 O6,20.829,896.7833,TG,19:0_18:1_18:3,55:04:00,#REF!,,,
TG(15:0_16:0_16:1) +NH4,C50 H94 O6,20.838,790.705,TG,15:0_16:0_16:1,47:01:00,0,,,
TG(16:0_16:0_18:3) +NH4,C53 H96 O6,20.839,828.7207,TG,16:0_16:0_18:3,50:03:00,0,,,
TG(20:1_18:2_18:3) +NH4,C59 H102 O6,20.852,906.7676,TG,20:1_18:2_18:3,56:06:00,#REF!,,,
TG(15:0_14:0_16:0) +NH4,C48 H92 O6,20.867,764.6894,TG,15:0_14:0_16:0,45:00:00,0,,,
TG(18:1_18:1_18:3) +NH4,C57 H100 O6,20.898,880.752,TG,18:1_18:1_18:3,54:05:00,#REF!,,,
TG(16:1e_18:4_20:4),C57 H94 O5,20.909,858.7101,TG,16:1e_18:4_20:4,54:9e,#NAME?,,,
TG(16:0_16:1_17:1) +NH4,C52 H96 O6,20.917,816.7207,TG,16:0_16:1_17:1,49:02:00,0,,,
TG(18:3e_18:4_18:4),C57 H90 O5,20.918,854.6788,TG,18:3e_18:4_18:4,54:11e,#NAME?,,,
TG(18:3e_16:1_18:4),C55 H92 O5,20.926,832.6945,TG,18:3e_16:1_18:4,52:8e,#NAME?,,,
TG(16:1_17:1_18:1) +NH4,C54 H98 O6,20.935,842.7363,TG,16:1_17:1_18:1,51:03:00,0,,,
TG(18:0e_11:1_18:2) +NH4,C50 H92 O5,20.937,772.6945,TG,18:0e_11:1_18:2,47:3e,0,,,
TG(16:0_16:1_17:0) +NH4,C52 H98 O6,20.941,818.7363,TG,16:0_16:1_17:0,49:01:00,0,,,
TG(18:4_16:0_17:1),C54 H94 O6,20.943,838.705,TG,18:4_16:0_17:1,51:05:00,#NAME?,,,
TG(20:0_11:1_18:2) +NH4,C52 H94 O6,20.951,814.705,TG,20:0_11:1_18:2,49:03:00,0,,,
TG(18:1_17:1_18:2) +NH4,C56 H100 O6,20.962,868.752,TG,18:1_17:1_18:2,53:04:00,#REF!,,,
TG(16:0_14:0_16:0) +NH4,C49 H94 O6,20.965,778.705,TG,16:0_14:0_16:0,46:00:00,0,,,
TG(19:1_18:1_18:3) +NH4,C58 H102 O6,20.976,894.7676,TG,19:1_18:1_18:3,55:05:00,#REF!,,,
TG(19:1_18:1_18:1) +NH4,C58 H106 O6,20.989,898.7989,TG,19:1_18:1_18:1,55:03:00,#REF!,,,
TG(20:4e_15:0_18:4),C56 H94 O5,20.996,846.7101,TG,20:4e_15:0_18:4,53:8e,#NAME?,,,
TG(16:0_16:0_20:2) +NH4,C55 H102 O6,20.999,858.7676,TG,16:0_16:0_20:2,52:02:00,0,,,
TG(16:1_18:1_18:1) +NH4,C55 H100 O6,21.004,856.752,TG,16:1_18:1_18:1,52:03:00,0,,,
TG(16:0_16:0_20:5),C55 H96 O6,21.006,852.7207,TG,16:0_16:0_20:5,52:05:00,#NAME?,,,
TG(17:0_18:1_18:1) +NH4,C56 H104 O6,21.012,872.7833,TG,17:0_18:1_18:1,53:02:00,#REF!,,,
TG(20:0_16:1_18:2) +NH4,C57 H104 O6,21.022,884.7833,TG,20:0_16:1_18:2,54:03:00,#REF!,,,
TG(16:0_16:1_18:1) +NH4,C53 H98 O6,21.025,830.7363,TG,16:0_16:1_18:1,50:02:00,0,,,
TG(18:1_18:1_18:2) +NH4,C57 H102 O6,21.077,882.7676,TG,18:1_18:1_18:2,54:04:00,#REF!,,,
TG(16:0_16:0_16:1) +NH4,C51 H96 O6,21.081,804.7207,TG,16:0_16:0_16:1,48:01:00,0,,,
TG(16:0_16:0_16:1) +NH4,C51 H96 O6,21.083,804.7207,TG,16:0_16:0_16:1,48:01:00,0,,,
TG(18:1_14:0_17:1) +NH4,C52 H96 O6,21.102,816.7207,TG,18:1_14:0_17:1,49:02:00,0,,,
TG(16:0_14:0_16:0) +NH4,C49 H94 O6,21.108,778.705,TG,16:0_14:0_16:0,46:00:00,0,,,
TG(16:1_18:1_18:1) +NH4,C55 H100 O6,21.112,856.752,TG,16:1_18:1_18:1,52:03:00,0,,,
TG(18:1_18:2_18:3),C57 H98 O6,21.139,878.7363,TG,18:1_18:2_18:3,54:06:00,#NAME?,,,
TG(16:0_16:1_18:1) +NH4,C53 H98 O6,21.154,830.7363,TG,16:0_16:1_18:1,50:02:00,0,,,
TG(18:4_16:0_16:0),C53 H94 O6,21.168,826.705,TG,18:4_16:0_16:0,50:04:00,#NAME?,,,
TG(16:1_18:2_18:2),C55 H96 O6,21.179,852.7207,TG,16:1_18:2_18:2,52:05:00,#NAME?,,,
TG(20:1_18:1_18:3) +NH4,C59 H104 O6,21.18,908.7833,TG,20:1_18:1_18:3,56:05:00,#REF!,,,
TG(12:0e_18:3_21:0),C54 H100 O5,21.196,828.7571,TG,12:0e_18:3_21:0,51:3e,#NAME?,,,
TG(18:1_18:1_18:2) +NH4,C57 H102 O6,21.201,882.7676,TG,18:1_18:1_18:2,54:04:00,#REF!,,,
TG(16:0_14:0_16:0) +NH4,C49 H94 O6,21.215,778.705,TG,16:0_14:0_16:0,46:00:00,0,,,
TG(18:1_18:2_20:4)+NH4,C59 H100 O6,21.218,904.752,TG,18:1_18:2_20:4,56:07:00,#NAME?,,,
TG(16:0_18:1_18:2),C55 H100 O6,21.226,856.752,TG,16:0_18:1_18:2,52:03:00,#NAME?,,,
TG(20:5_11:2_22:6),C56 H82 O6,21.246,850.6111,TG,20:5_11:2_22:6,53:13:00,#NAME?,,,
TG(16:0_16:1_17:0) +NH4,C52 H98 O6,21.249,818.7363,TG,16:0_16:1_17:0,49:01:00,0,,,
TG(19:0_18:1_18:2) +NH4,C58 H106 O6,21.257,898.7989,TG,19:0_18:1_18:2,55:03:00,#REF!,,,
TG(15:0_16:0_16:0) +NH4,C50 H96 O6,21.27,792.7207,TG,15:0_16:0_16:0,47:00:00,0,,,
TG(16:1e_16:0_16:1) +NH4,C51 H96 O5,21.272,788.7258,TG,16:1e_16:0_16:1,48:2e,0,,,
TG(18:2e_16:0_16:1) +NH4,C53 H98 O5,21.272,814.7414,TG,18:2e_16:0_16:1,50:3e,0,,,
TG(16:1_18:1_19:0) +NH4,C56 H104 O6,21.272,872.7833,TG,16:1_18:1_19:0,53:02:00,0,,,
TG(16:0_16:0_18:1) +NH4,C53 H100 O6,21.278,832.752,TG,16:0_16:0_18:1,50:01:00,0,,,
TG(16:0_17:1_18:1) +NH4,C54 H100 O6,21.278,844.752,TG,16:0_17:1_18:1,51:02:00,0,,,
TG(18:1_17:1_18:1) +NH4,C56 H102 O6,21.278,870.7676,TG,18:1_17:1_18:1,53:03:00,0,,,
TG(16:0_18:1_18:3) +NH4,C55 H98 O6,21.28,854.7363,TG,16:0_18:1_18:3,52:04:00,0,,,
TG(20:0_18:2_18:3) +NH4,C59 H104 O6,21.282,908.7833,TG,20:0_18:2_18:3,56:05:00,#REF!,,,
TG(16:0_17:0_18:1) +NH4,C54 H102 O6,21.285,846.7676,TG,16:0_17:0_18:1,51:01:00,0,,,
TG(16:0e_14:0_16:1) +NH4,C49 H94 O5,21.291,762.7101,TG,16:0e_14:0_16:1,46:1e,0,,,
TG(18:0e_18:2_18:3) +NH4,C57 H102 O5,21.303,866.7727,TG,18:0e_18:2_18:3,54:5e,#REF!,,,
TG(19:1_18:1_18:2) +NH4,C58 H104 O6,21.306,896.7833,TG,19:1_18:1_18:2,55:04:00,#REF!,,,
TG(18:1_18:1_21:1) +NH4,C60 H110 O6,21.319,926.8302,TG,18:1_18:1_21:1,57:03:00,#REF!,,,
TG(19:0_18:3_19:0) +NH4,C59 H108 O6,21.325,912.8146,TG,19:0_18:3_19:0,56:03:00,#REF!,,,
TG(20:1_18:1_18:2) +NH4,C59 H106 O6,21.335,910.7989,TG,20:1_18:1_18:2,56:04:00,#REF!,,,
TG(18:1_18:1_18:1) +NH4,C57 H104 O6,21.336,884.7833,TG,18:1_18:1_18:1,54:03:00,#REF!,,,
TG(18:0_18:0_18:2) +NH4,C57 H106 O6,21.338,886.7989,TG,18:0_18:0_18:2,54:02:00,#REF!,,,
TG(19:0_18:1_18:1) +NH4,C58 H108 O6,21.34,900.8146,TG,19:0_18:1_18:1,55:02:00,#REF!,,,
TG(18:3_12:2_23:1) +NH4,C56 H96 O6,21.345,864.7207,TG,18:3_12:2_23:1,53:06:00,0,,,
TG(16:0_18:1_18:1) +NH4,C55 H102 O6,21.353,858.7676,TG,16:0_18:1_18:1,52:02:00,0,,,
TG(16:0_16:0_18:1) +NH4,C53 H100 O6,21.416,832.752,TG,16:0_16:0_18:1,50:01:00,0,,,
TG(16:0_17:1_18:1) +NH4,C54 H100 O6,21.438,844.752,TG,16:0_17:1_18:1,51:02:00,0,,,
TG(18:1_18:1_18:1) +NH4,C57 H104 O6,21.451,884.7833,TG,18:1_18:1_18:1,54:03:00,#REF!,,,
TG(16:0_16:0_16:0) +NH4,C51 H98 O6,21.452,806.7363,TG,16:0_16:0_16:0,48:00:00,0,,,
TG(18:0e_18:2_18:3) +NH4,C57 H102 O5,21.459,866.7727,TG,18:0e_18:2_18:3,54:5e,#REF!,,,
TG(14:1e_17:1_19:1) +NH4,C53 H98 O5,21.465,814.7414,TG,14:1e_17:1_19:1,50:3e,0,,,
TG(12:1e_17:1_19:0) +NH4,C51 H96 O5,21.47,788.7258,TG,12:1e_17:1_19:0,48:2e,0,,,
TG(16:0_18:1_18:1) +NH4,C55 H102 O6,21.485,858.7676,TG,16:0_18:1_18:1,52:02:00,0,,,
TG(16:0_18:1_18:3),C55 H98 O6,21.519,854.7363,TG,16:0_18:1_18:3,52:04:00,#NAME?,,,
TG(16:0_22:6_24:1) +NH4,C65 H112 O6,21.525,988.8459,TG,16:0_22:6_24:1,62:07:00,#REF!,,,
TG(20:0_18:1_18:3) +NH4,C59 H106 O6,21.537,910.7989,TG,20:0_18:1_18:3,56:04:00,#REF!,,,
TG(16:0_17:0_18:1) +NH4,C54 H102 O6,21.538,846.7676,TG,16:0_17:0_18:1,51:01:00,0,,,
TG(16:0_16:0_16:0) +NH4,C51 H98 O6,21.557,806.7363,TG,16:0_16:0_16:0,48:00:00,0,,,
TG(18:3e_17:0_18:4),C56 H96 O5,21.557,848.7258,TG,18:3e_17:0_18:4,53:7e,#NAME?,,,
TG(17:0_18:1_18:1) +NH4,C56 H104 O6,21.568,872.7833,TG,17:0_18:1_18:1,53:02:00,0,,,
TG(16:0_16:0_17:0) +NH4,C52 H100 O6,21.572,820.752,TG,16:0_16:0_17:0,49:00:00,0,,,
TG(19:1_18:1_18:1) +NH4,C58 H106 O6,21.577,898.7989,TG,19:1_18:1_18:1,55:03:00,#REF!,,,
TG(16:0_18:1_19:0) +NH4,C56 H106 O6,21.583,874.7989,TG,16:0_18:1_19:0,53:01:00,0,,,
TG(18:1_18:2_21:0) +NH4,C60 H110 O6,21.585,926.8302,TG,18:1_18:2_21:0,57:03:00,#REF!,,,
TG(16:0_17:0_20:4),C56 H100 O6,21.59,868.752,TG,16:0_17:0_20:4,53:04:00,#NAME?,,,
TG(16:0e_16:1_18:1) +NH4,C53 H100 O5,21.597,816.7571,TG,16:0e_16:1_18:1,50:2e,0,,,
TG(18:1e_16:1_18:1) +NH4,C55 H102 O5,21.602,842.7727,TG,18:1e_16:1_18:1,52:3e,0,,,
TG(16:0e_16:0_16:1) +NH4,C51 H98 O5,21.603,790.7414,TG,16:0e_16:0_16:1,48:1e,0,,,
TG(16:0e_16:0_16:0) +NH4,C51 H100 O5,21.628,792.7571,TG,16:0e_16:0_16:0,48:0e,0,,,
TG(16:2e_19:1_19:1) +NH4,C57 H104 O5,21.639,868.7884,TG,16:2e_19:1_19:1,54:4e,0,,,
TG(16:1_18:1_24:2) +NH4,C61 H110 O6,21.639,938.8302,TG,16:1_18:1_24:2,58:04:00,#REF!,,,
TG(20:1_18:1_18:1) +NH4,C59 H108 O6,21.647,912.8146,TG,20:1_18:1_18:1,56:03:00,#REF!,,,
TG(16:0_18:1_20:1) +NH4,C57 H106 O6,21.654,886.7989,TG,16:0_18:1_20:1,54:02:00,0,,,
TG(18:1_18:1_21:0) +NH4,C60 H112 O6,21.657,928.8459,TG,18:1_18:1_21:0,57:02:00,#REF!,,,
TG(20:0_16:0_18:1) +NH4,C57 H108 O6,21.662,888.8146,TG,20:0_16:0_18:1,54:01:00,0,,,
TG(18:0_18:1_20:1) +NH4,C59 H110 O6,21.667,914.8302,TG,18:0_18:1_20:1,56:02:00,#REF!,,,
TG(18:0_16:0_18:1) +NH4,C55 H104 O6,21.695,860.7833,TG,18:0_16:0_18:1,52:01:00,0,,,
PI(18:0_18:1),C45 H85 O13 N0 P1,21.697,864.5728,PI,18:0_18:1,36:01:00,#NAME?,,,
TG(18:0_18:2_18:2),C57 H102 O6,21.697,882.7676,TG,18:0_18:2_18:2,54:04:00,#NAME?,,,
TG(20:4e_17:0_18:3)+NH4,C58 H100 O5,21.706,876.7571,TG,20:4e_17:0_18:3,55:7e,#NAME?,,,
DG(35:1_16:1) +NH4,C54 H102 O5,21.722,830.7727,DG,35:1_16:1,51:02:00,0,,,
TG(16:1e_17:1_19:1) +NH4,C55 H102 O5,21.726,842.7727,TG,16:1e_17:1_19:1,52:3e,0,,,
TG(18:0_16:0_16:0) +NH4,C53 H102 O6,21.732,834.7676,TG,18:0_16:0_16:0,50:00:00,0,,,
TG(14:1e_17:1_19:0) +NH4,C53 H100 O5,21.744,816.7571,TG,14:1e_17:1_19:0,50:2e,0,,,
TG(18:1_18:3_24:1) +NH4,C63 H112 O6,21.752,964.8459,TG,18:1_18:3_24:1,60:05:00,#REF!,,,
TG(18:1e_16:0_17:1) +NH4,C54 H102 O5,21.755,830.7727,TG,18:1e_16:0_17:1,51:2e,0,,,
TG(16:0_18:1_19:0) +NH4,C56 H106 O6,21.766,874.7989,TG,16:0_18:1_19:0,53:01:00,0,,,
TG(18:0_18:1_18:1),C57 H106 O6,21.769,886.7989,TG,18:0_18:1_18:1,54:02:00,#NAME?,,,
TG(18:0_18:1_20:4)+NH4,C59 H104 O6,21.772,908.7833,TG,18:0_18:1_20:4,56:05:00,#NAME?,,,
TG(22:5_21:1_21:1) +NH4,C67 H116 O6,21.777,1016.8772,TG,22:5_21:1_21:1,64:07:00,#REF!,,,
TG(18:1_18:1_21:0) +NH4,C60 H112 O6,21.778,928.8459,TG,18:1_18:1_21:0,57:02:00,#REF!,,,
TG(16:0_16:0_19:0) +NH4,C54 H104 O6,21.78,848.7833,TG,16:0_16:0_19:0,51:00:00,0,,,
TG(16:0_18:1_21:0) +NH4,C58 H110 O6,21.785,902.8302,TG,16:0_18:1_21:0,55:01:00,0,,,
TG(18:1_18:2_23:1) +NH4,C62 H112 O6,21.786,952.8459,TG,18:1_18:2_23:1,59:04:00,#REF!,,,
TG(18:2e_18:2_19:0) +NH4,C58 H106 O5,21.798,882.804,TG,18:2e_18:2_19:0,55:4e,0,,,
TG(20:2_11:2_22:5),C56 H90 O6,21.799,858.6737,TG,20:2_11:2_22:5,53:09:00,#NAME?,,,
TG(18:1_18:3_22:0) +NH4,C61 H110 O6,21.799,938.8302,TG,18:1_18:3_22:0,58:04:00,#REF!,,,
TG(18:1e_17:1_18:1) +NH4,C56 H104 O5,21.802,856.7884,TG,18:1e_17:1_18:1,53:3e,0,,,
TG(19:0_18:1_18:1) +NH4,C58 H108 O6,21.817,900.8146,TG,19:0_18:1_18:1,55:02:00,0,,,
TG(20:0e_18:2_18:2) +NH4,C59 H108 O5,21.82,896.8197,TG,20:0e_18:2_18:2,56:4e,#REF!,,,
TG(18:1_18:2_21:0) +NH4,C60 H110 O6,21.832,926.8302,TG,18:1_18:2_21:0,57:03:00,#REF!,,,
TG(20:1e_16:1_18:1) +NH4,C57 H106 O5,21.841,870.804,TG,20:1e_16:1_18:1,54:3e,0,,,
TG(19:0_18:1_18:3),C58 H104 O6,21.853,896.7833,TG,19:0_18:1_18:3,55:04:00,#NAME?,,,
TG(18:0_16:0_19:0) +NH4,C56 H108 O6,21.856,876.8146,TG,18:0_16:0_19:0,53:00:00,0,,,
TG(18:0e_16:1_18:1) +NH4,C55 H104 O5,21.858,844.7884,TG,18:0e_16:1_18:1,52:2e,0,,,
TG(16:1_20:1_24:2) +NH4,C63 H114 O6,21.865,966.8615,TG,16:1_20:1_24:2,60:04:00,#REF!,,,
DG(35:1_18:1) +NH4,C56 H106 O5,21.866,858.804,DG,35:1_18:1,53:02:00,0,,,
TG(18:1e_16:0_16:0) +NH4,C53 H102 O5,21.87,818.7727,TG,18:1e_16:0_16:0,50:1e,0,,,
TG(20:4e_16:0_16:0),C55 H100 O5,21.878,840.7571,TG,20:4e_16:0_16:0,52:4e,#NAME?,,,
TG(18:1_18:1_23:0) +NH4,C62 H116 O6,21.911,956.8772,TG,18:1_18:1_23:0,59:02:00,#REF!,,,
TG(18:1_18:2_22:0) +NH4,C61 H112 O6,21.922,940.8459,TG,18:1_18:2_22:0,58:03:00,#REF!,,,
TG(16:0_18:1_21:0) +NH4,C58 H110 O6,21.923,902.8302,TG,16:0_18:1_21:0,55:01:00,0,,,
TG(20:0_18:1_18:1) +NH4,C59 H110 O6,21.923,914.8302,TG,20:0_18:1_18:1,56:02:00,0,,,
TG(16:0_18:1_22:0) +NH4,C59 H112 O6,21.929,916.8459,TG,16:0_18:1_22:0,56:01:00,0,,,
TG(20:1e_18:1_18:2) +NH4,C59 H108 O5,21.93,896.8197,TG,20:1e_18:1_18:2,56:4e,0,,,
TG(20:0_16:0_18:1) +NH4,C57 H108 O6,21.949,888.8146,TG,20:0_16:0_18:1,54:01:00,0,,,
TG(16:0_18:1_23:0) +NH4,C60 H114 O6,21.952,930.8615,TG,16:0_18:1_23:0,57:01:00,#REF!,,,
TG(16:2_21:0_23:0) +NH4,C63 H118 O6,21.955,970.8928,TG,16:2_21:0_23:0,60:02:00,#REF!,,,
TG(14:0e_21:1_22:6)+NH4,C60 H104 O5,21.962,904.7884,TG,14:0e_21:1_22:6,57:7e,#NAME?,,,
DG(35:1_18:1) +NH4,C56 H106 O5,21.967,858.804,DG,35:1_18:1,53:02:00,0,,,
TG(18:0_16:0_18:0) +NH4,C55 H106 O6,21.978,862.7989,TG,18:0_16:0_18:0,52:00:00,0,,,
TG(26:1_18:1_18:3) +NH4,C65 H116 O6,21.987,992.8772,TG,26:1_18:1_18:3,62:05:00,#REF!,,,
TG(20:0e_17:1_18:2) +NH4,C58 H108 O5,21.992,884.8197,TG,20:0e_17:1_18:2,55:3e,0,,,
DG(35:1_16:0) +NH4,C54 H104 O5,22,832.7884,DG,35:1_16:0,51:01:00,0,,,
TG(25:1_16:1_18:1) +NH4,C62 H114 O6,22.009,954.8615,TG,25:1_16:1_18:1,59:03:00,#REF!,,,
TG(25:1_18:1_18:2) +NH4,C64 H116 O6,22.021,980.8772,TG,25:1_18:1_18:2,61:04:00,#REF!,,,
TG(16:0_18:1_23:1) +NH4,C60 H112 O6,22.037,928.8459,TG,16:0_18:1_23:1,57:02:00,#REF!,,,
TG(18:2e_19:0_19:1) +NH4,C59 H110 O5,22.041,898.8353,TG,18:2e_19:0_19:1,56:3e,0,,,
TG(16:0_18:1_21:0) +NH4,C58 H110 O6,22.071,902.8302,TG,16:0_18:1_21:0,55:01:00,0,,,
TG(20:1e_16:0_18:1) +NH4,C57 H108 O5,22.084,872.8197,TG,20:1e_16:0_18:1,54:2e,0,,,
TG(26:1_18:1_18:2) +NH4,C65 H118 O6,22.094,994.8928,TG,26:1_18:1_18:2,62:04:00,#REF!,,,
TG(26:1_16:1_18:1) +NH4,C63 H116 O6,22.106,968.8772,TG,26:1_16:1_18:1,60:03:00,#REF!,,,
TG(18:0_16:0_19:0) +NH4,C56 H108 O6,22.107,876.8146,TG,18:0_16:0_19:0,53:00:00,0,,,
TG(18:0e_16:0_18:1) +NH4,C55 H106 O5,22.119,846.804,TG,18:0e_16:0_18:1,52:1e,0,,,
TG(20:0e_16:1_19:0) +NH4,C58 H112 O5,22.14,888.851,TG,20:0e_16:1_19:0,55:1e,0,,,
TG(18:0e_16:0_16:0) +NH4,C53 H104 O5,22.154,820.7884,TG,18:0e_16:0_16:0,50:0e,0,,,
TG(16:0_18:1_24:1) +NH4,C61 H114 O6,22.171,942.8615,TG,16:0_18:1_24:1,58:02:00,#REF!,,,
TG(29:0_11:3_18:1)+NH4,C61 H110 O6,22.189,938.8302,TG,29:0_11:3_18:1,58:04:00,#NAME?,,,
TG(18:0_18:1_20:0) +NH4,C59 H112 O6,22.204,916.8459,TG,18:0_18:1_20:0,56:01:00,0,,,
TG(20:0e_17:1_18:1) +NH4,C58 H110 O5,22.219,886.8353,TG,20:0e_17:1_18:1,55:2e,0,,,
TG(25:1_18:1_18:1) +NH4,C64 H118 O6,22.22,982.8928,TG,25:1_18:1_18:1,61:03:00,#REF!,,,
TG(16:0_18:1_23:0) +NH4,C60 H114 O6,22.223,930.8615,TG,16:0_18:1_23:0,57:01:00,0,,,
TG(18:0e_17:0_18:1) +NH4,C56 H108 O5,22.235,860.8197,TG,18:0e_17:0_18:1,53:1e,0,,,
TG(25:1_16:0_18:1) +NH4,C62 H116 O6,22.235,956.8772,TG,25:1_16:0_18:1,59:02:00,#REF!,,,
TG(18:0_16:0_20:0) +NH4,C57 H110 O6,22.239,890.8302,TG,18:0_16:0_20:0,54:00:00,0,,,
TG(20:0_18:1_21:0) +NH4,C62 H118 O6,22.239,958.8928,TG,20:0_18:1_21:0,59:01:00,#REF!,,,
TG(26:0_18:1_18:3) +NH4,C65 H118 O6,22.285,994.8928,TG,26:0_18:1_18:3,62:04:00,#REF!,,,
TG(28:1_18:1_18:2) +NH4,C67 H122 O6,22.31,1022.9241,TG,28:1_18:1_18:2,64:04:00,#REF!,,,
TG(26:1_18:1_20:4)+NH4,C67 H118 O6,22.331,1018.8928,TG,26:1_18:1_20:4,64:06:00,#NAME?,,,
TG(26:0_18:1_18:2) +NH4,C65 H120 O6,22.336,996.9085,TG,26:0_18:1_18:2,62:03:00,#REF!,,,
TG(28:0_16:1_18:1) +NH4,C65 H122 O6,22.338,998.9241,TG,28:0_16:1_18:1,62:02:00,#REF!,,,
TG(18:2e_19:0_19:0) +NH4,C59 H112 O5,22.342,900.851,TG,18:2e_19:0_19:0,56:2e,0,,,
TG(16:0_18:1_23:0) +NH4,C60 H114 O6,22.352,930.8615,TG,16:0_18:1_23:0,57:01:00,0,,,
TG(16:1e_19:0_19:0) +NH4,C57 H110 O5,22.377,874.8353,TG,16:1e_19:0_19:0,54:1e,0,,,
TG(18:0e_18:1_19:0) +NH4,C58 H112 O5,22.422,888.851,TG,18:0e_18:1_19:0,55:1e,0,,,
TG(27:0_16:1_18:1) +NH4,C64 H120 O6,22.422,984.9085,TG,27:0_16:1_18:1,61:02:00,#REF!,,,
TG(18:0e_16:0_18:0) +NH4,C55 H108 O5,22.424,848.8197,TG,18:0e_16:0_18:0,52:0e,0,,,
TG(25:0_16:0_18:1) +NH4,C62 H118 O6,22.427,958.8928,TG,25:0_16:0_18:1,59:01:00,0,,,
TG(26:1_16:0_18:1) +NH4,C63 H118 O6,22.447,970.8928,TG,26:1_16:0_18:1,60:02:00,#REF!,,,
TG(26:0_18:1_18:2) +NH4,C65 H120 O6,22.466,996.9085,TG,26:0_18:1_18:2,62:03:00,#REF!,,,
TG(27:1_18:1_18:1) +NH4,C66 H122 O6,22.48,1010.9241,TG,27:1_18:1_18:1,63:03:00,#REF!,,,
TG(26:0_16:0_18:1) +NH4,C63 H120 O6,22.487,972.9085,TG,26:0_16:0_18:1,60:01:00,#REF!,,,
TG(16:0_18:1_24:0) +NH4,C61 H116 O6,22.491,944.8772,TG,16:0_18:1_24:0,58:01:00,0,,,
TG(26:0_14:0_16:0) +NH4,C59 H114 O6,22.524,918.8615,TG,26:0_14:0_16:0,56:00:00,0,,,
TG(30:0_22:5_24:1)+NH4,C79 H142 O6,22.524,1187.0806,TG,30:0_22:5_24:1,76:06:00,#NAME?,,,
TG(29:0_22:5_23:0)+NH4,C77 H140 O6,22.539,1161.065,TG,29:0_22:5_23:0,74:05:00,#NAME?,,,
TG(28:0_16:1_18:1) +NH4,C65 H122 O6,22.543,998.9241,TG,28:0_16:1_18:1,62:02:00,#REF!,,,
TG(29:0_16:0_16:1) +NH4,C64 H122 O6,22.549,986.9241,TG,29:0_16:0_16:1,61:01:00,#REF!,,,
TG(27:0_16:1_18:1) +NH4,C64 H120 O6,22.556,984.9085,TG,27:0_16:1_18:1,61:02:00,#REF!,,,
TG(28:0_18:1_18:3) +NH4,C67 H122 O6,22.562,1022.9241,TG,28:0_18:1_18:3,64:04:00,#REF!,,,
TG(18:1_24:1_24:2) +NH4,C69 H126 O6,22.563,1050.9554,TG,18:1_24:1_24:2,66:04:00,#REF!,,,
TG(20:1e_18:1_20:0) +NH4,C61 H116 O5,22.599,928.8823,TG,20:1e_18:1_20:0,58:2e,0,,,
TG(25:0_16:0_18:1) +NH4,C62 H118 O6,22.601,958.8928,TG,25:0_16:0_18:1,59:01:00,0,,,
TG(28:1_18:1_18:1) +NH4,C67 H124 O6,22.605,1024.9398,TG,28:1_18:1_18:1,64:03:00,#REF!,,,
TG(28:0_18:1_18:1) +NH4,C67 H126 O6,22.619,1026.9554,TG,28:0_18:1_18:1,64:02:00,#REF!,,,
TG(20:0e_18:0_18:1) +NH4,C59 H114 O5,22.663,902.8666,TG,20:0e_18:0_18:1,56:1e,0,,,
TG(29:0_16:1_18:1) +NH4,C66 H124 O6,22.666,1012.9398,TG,29:0_16:1_18:1,63:02:00,#REF!,,,
TG(27:0_16:0_18:1) +NH4,C64 H122 O6,22.705,986.9241,TG,27:0_16:0_18:1,61:01:00,0,,,
TG(28:1_16:0_18:1) +NH4,C65 H122 O6,22.725,998.9241,TG,28:1_16:0_18:1,62:02:00,#REF!,,,
TG(26:0_16:0_20:4)+NH4,C65 H118 O6,22.762,994.8928,TG,26:0_16:0_20:4,62:04:00,#NAME?,,,
TG(26:0_16:0_18:1) +NH4,C63 H120 O6,22.764,972.9085,TG,26:0_16:0_18:1,60:01:00,0,,,
TG(28:0_18:1_18:1) +NH4,C67 H126 O6,22.776,1026.9554,TG,28:0_18:1_18:1,64:02:00,#REF!,,,
TG(28:0_16:0_18:1) +NH4,C65 H124 O6,22.806,1000.9398,TG,28:0_16:0_18:1,62:01:00,0,,,
TG(26:0_16:0_16:0) +NH4,C61 H118 O6,22.832,946.8928,TG,26:0_16:0_16:0,58:00:00,0,,,
TG(29:0_16:0_18:1) +NH4,C66 H126 O6,22.846,1014.9554,TG,29:0_16:0_18:1,63:01:00,#REF!,,,
TG(18:0e_18:1_24:1) +NH4,C63 H120 O5,22.86,956.9136,TG,18:0e_18:1_24:1,60:2e,0,,,
TG(29:0_18:1_18:1) +NH4,C68 H128 O6,22.865,1040.9711,TG,29:0_18:1_18:1,65:02:00,#REF!,,,
TG(27:0_16:0_18:1) +NH4,C64 H122 O6,22.895,986.9241,TG,27:0_16:0_18:1,61:01:00,0,,,
TG(30:0_18:1_18:2) +NH4,C69 H128 O6,22.897,1052.9711,TG,30:0_18:1_18:2,66:03:00,#REF!,,,
TG(20:0e_18:1_20:0) +NH4,C61 H118 O5,22.984,930.8979,TG,20:0e_18:1_20:0,58:1e,0,,,
TG(29:0_16:0_18:1) +NH4,C66 H126 O6,23.004,1014.9554,TG,29:0_16:0_18:1,63:01:00,#REF!,,,
TG(30:0_18:1_18:2) +NH4,C69 H128 O6,23.006,1052.9711,TG,30:0_18:1_18:2,66:03:00,#REF!,,,
TG(28:0_18:1_18:1) +NH4,C67 H126 O6,23.022,1026.9554,TG,28:0_18:1_18:1,64:02:00,#REF!,,,
TG(30:0_16:0_18:1) +NH4,C67 H128 O6,23.064,1028.9711,TG,30:0_16:0_18:1,64:01:00,#REF!,,,
TG(28:0_16:0_18:1) +NH4,C65 H124 O6,23.073,1000.9398,TG,28:0_16:0_18:1,62:01:00,0,,,
TG(28:0_16:0_20:4)+NH4,C67 H122 O6,23.075,1022.9241,TG,28:0_16:0_20:4,64:04:00,#NAME?,,,
TG(30:0_18:1_18:1) +NH4,C69 H130 O6,23.102,1054.9867,TG,30:0_18:1_18:1,66:02:00,#REF!,,,
TG(26:0_16:0_18:0) +NH4,C63 H122 O6,23.15,974.9241,TG,26:0_16:0_18:0,60:00:00,0,,,
TG(20:0e_18:1_24:1) +NH4,C65 H124 O5,23.181,984.9449,TG,20:0e_18:1_24:1,62:2e,0,,,
TG(29:0_16:0_18:1) +NH4,C66 H126 O6,23.241,1014.9554,TG,29:0_16:0_18:1,63:01:00,0,,,
TG(30:0_18:1_18:1) +NH4,C69 H130 O6,23.271,1054.9867,TG,30:0_18:1_18:1,66:02:00,#REF!,,,
TG(28:0_18:1_21:1) +NH4,C70 H132 O6,23.38,1069.0024,TG,28:0_18:1_21:1,67:02:00,#REF!,,,
TG(29:0_18:0_18:1) +NH4,C68 H130 O6,23.392,1042.9867,TG,29:0_18:0_18:1,65:01:00,#REF!,,,
TG(30:0_18:1_20:1) +NH4,C71 H134 O6,23.393,1083.018,TG,30:0_18:1_20:1,68:02:00,#REF!,,,
TG(30:0_16:0_18:1) +NH4,C67 H128 O6,23.399,1028.9711,TG,30:0_16:0_18:1,64:01:00,0,,,
TG(30:0_16:0_20:4)+NH4,C69 H126 O6,23.409,1050.9554,TG,30:0_16:0_20:4,66:04:00,#NAME?,,,
TG(30:0_18:0_18:1) +NH4,C69 H132 O6,23.579,1057.0024,TG,30:0_18:0_18:1,66:01:00,#REF!,,,
TG(30:0_18:1_19:0) +NH4,C70 H134 O6,23.587,1071.018,TG,30:0_18:1_19:0,67:01:00,#REF!,,,
TG(30:1_18:1_21:0) +NH4,C72 H136 O6,23.744,1097.0337,TG,30:1_18:1_21:0,69:02:00,#REF!,,,
TG(28:0_18:1_24:1) +NH4,C73 H138 O6,23.755,1111.0493,TG,28:0_18:1_24:1,70:02:00,#REF!,,,
TG(30:0_18:1_19:0) +NH4,C70 H134 O6,23.786,1071.018,TG,30:0_18:1_19:0,67:01:00,#REF!,,,
TG(29:0_18:1_21:0) +NH4,C71 H136 O6,23.793,1085.0337,TG,29:0_18:1_21:0,68:01:00,#REF!,,,
TG(30:0_18:0_18:1) +NH4,C69 H132 O6,23.817,1057.0024,TG,30:0_18:0_18:1,66:01:00,0,,,
TG(28:0_18:1_24:0) +NH4,C73 H140 O6,23.857,1113.065,TG,28:0_18:1_24:0,70:01:00,#REF!,,,
TG(30:0_18:1_21:0) +NH4,C72 H138 O6,23.86,1099.0493,TG,30:0_18:1_21:0,69:01:00,#REF!,,,
TG(16:0_14:0_16:1) +NH4,C49 H92 O6,26.57,776.6894,TG,16:0_14:0_16:1,46:01:00,0,,,
TG(16:0_18:1_18:2) +NH4,C55 H100 O6,26.778,856.752,TG,16:0_18:1_18:2,52:03:00,0,,,
TG(20:3_20:3_20:3) +NH4,C63 H104 O6,26.785,956.7833,TG,20:3_20:3_20:3,60:09:00,0,,,
PC(25:0_11:2),C44 H84 O8 N1 P1,26.799,785.5935,PC,25:0_11:2,36:02:00,#NAME?,,,
TG(16:0_16:1_16:1) +NH4,C51 H94 O6,26.83,802.705,TG,16:0_16:1_16:1,48:02:00,0,,,
PC(26:1_8:0),C42 H82 O8 N1 P1,26.892,759.5778,PC,26:1_8:0,34:01:00,#NAME?,,,
PC(17:1_17:1),C42 H80 O8 N1 P1,26.908,757.5622,PC,17:1_17:1,34:02:00,#NAME?,,,
PC(24:0_12:2),C44 H84 O8 N1 P1,26.911,785.5935,PC,24:0_12:2,36:02:00,#NAME?,,,
PC(8:0_24:1),C40 H78 O8 N1 P1,26.916,731.5465,PC,8:0_24:1,32:01:00,#NAME?,,,
PC(16:1_18:2),C42 H78 O8 N1 P1,26.918,755.5465,PC,16:1_18:2,34:03:00,#NAME?,,,
PC(22:0_14:4),C44 H80 O8 N1 P1,26.923,781.5622,PC,22:0_14:4,36:04:00,#NAME?,,,
PC(21:0_11:2),C40 H76 O8 N1 P1,26.929,729.5309,PC,21:0_11:2,32:02:00,#NAME?,,,
PC(26:1_6:0),C40 H78 O8 N1 P1,27.027,731.5465,PC,26:1_6:0,32:01:00,#NAME?,,,
PC(16:0_20:3),C44 H82 O8 N1 P1,27.114,783.5778,PC,16:0_20:3,36:03:00,#NAME?,,,
DG(22:6_22:6) +NH4,C47 H68 O5,27.212,712.5067,DG,22:6_22:6,44:12:00,0,,,
PC(8:0_24:2),C40 H76 O8 N1 P1,27.249,729.5309,PC,8:0_24:2,32:02:00,#NAME?,,,
PC(8:0_24:2),C40 H76 O8 N1 P1,27.354,729.5309,PC,8:0_24:2,32:02:00,#NAME?,,,
TG(16:0_14:0_16:1) +NH4,C49 H92 O6,27.376,776.6894,TG,16:0_14:0_16:1,46:01:00,0,,,
